Pedestrian_Involved,Accident Severity,Time of Day,Day of Week,Weather Conditions,Lighting Conditions,Road Type,Road Condition,Traffic Control Presence,Speed Limit (km/h),Number of Vehicles Involved
0,Minor,5:13,Wednesday,Foggy,Daylight,Village Road,Dry,Guard,107,2
1,Minor,8:21,Monday,Clear,Dark,Village Road,Dry,Signs,43,5
1,Minor,1:03,Friday,Snowy,Dusk,Urban Road,Wet,Signs,59,4
0,Minor,18:09,Sunday,Clear,Dusk,Urban Road,Under Construction,Unknown,95,4
0,Minor,4:07,Saturday,Snowy,Dark,Village Road,Under Construction,Unknown,66,3
0,Minor,20:59,Sunday,Rainy,Dusk,Village Road,Wet,Signals,27,1
0,Minor,19:38,Wednesday,Clear,Dawn,Urban Road,Dry,None,73,5
1,Minor,13:26,Tuesday,Rainy,Dawn,Village Road,Wet,None,28,1
0,Minor,13:43,Sunday,Clear,Daylight,Village Road,Dry,Unknown,22,1
1,Minor,0:26,Wednesday,Foggy,Dusk,State Highway,Wet,Signs,73,2
0,Minor,15:06,Wednesday,Stormy,Dawn,Village Road,Dry,Signals,40,2
1,Serious,0:48,Tuesday,Hazy,Dark,National Highway,Icy,None,114,5
1,Minor,14:28,Thursday,Hazy,Dusk,State Highway,Under Construction,Unknown,67,1
0,Minor,16:31,Thursday,Hazy,Dawn,National Highway,Icy,Signs,66,3
0,Minor,4:56,Monday,Rainy,Dawn,Village Road,Under Construction,Signs,107,1
0,Serious,11:46,Monday,Snowy,Dark,Urban Road,Dry,Signs,87,2
0,Minor,15:37,Thursday,Hazy,Daylight,State Highway,Icy,Guard,103,1
0,Serious,22:36,Saturday,Foggy,Dark,Urban Road,Under Construction,Signs,82,4
0,Minor,9:10,Friday,Hazy,Daylight,State Highway,Wet,Unknown,35,4
0,Minor,12:17,Wednesday,Clear,Dawn,Urban Road,Dry,Signals,93,3
0,Minor,16:57,Friday,Rainy,Daylight,State Highway,Dry,Unknown,109,5
0,Minor,1:16,Wednesday,Clear,Dawn,State Highway,Wet,Signs,112,1
0,Minor,21:21,Thursday,Clear,Dawn,National Highway,Wet,Signals,24,4
0,Minor,4:16,Monday,Clear,Dusk,Urban Road,Under Construction,None,30,5
0,Minor,21:56,Saturday,Stormy,Daylight,National Highway,Dry,None,48,4
1,Minor,7:29,Monday,Stormy,Daylight,National Highway,Under Construction,Unknown,98,5
0,Minor,20:39,Friday,Snowy,Daylight,Urban Road,Wet,Signals,89,5
0,Minor,23:48,Monday,Rainy,Dark,State Highway,Dry,Unknown,67,4
0,Minor,18:59,Thursday,Foggy,Dusk,National Highway,Wet,Signals,34,2
0,Minor,15:23,Saturday,Foggy,Dusk,Urban Road,Under Construction,Signals,103,5
0,Minor,19:55,Friday,Foggy,Dusk,State Highway,Under Construction,Unknown,53,1
0,Minor,3:01,Saturday,Clear,Dark,National Highway,Under Construction,Signals,79,4
0,Minor,18:11,Wednesday,Stormy,Daylight,National Highway,Dry,Signs,81,2
1,Minor,15:13,Monday,Rainy,Daylight,National Highway,Wet,Signals,21,4
1,Serious,6:28,Saturday,Clear,Daylight,State Highway,Wet,Signals,99,3
1,Minor,20:39,Tuesday,Stormy,Dusk,National Highway,Under Construction,Unknown,38,1
0,Minor,9:23,Monday,Stormy,Dusk,State Highway,Under Construction,None,117,3
0,Minor,6:51,Wednesday,Hazy,Dawn,Village Road,Under Construction,Guard,68,5
0,Fatal,2:46,Saturday,Hazy,Dark,National Highway,Under Construction,Signals,97,5
0,Serious,14:13,Friday,Rainy,Dark,Village Road,Icy,Guard,107,3
0,Minor,6:41,Wednesday,Rainy,Dusk,Urban Road,Icy,Signals,47,3
0,Minor,3:21,Tuesday,Rainy,Dawn,National Highway,Icy,Unknown,67,5
0,Minor,6:16,Saturday,Clear,Daylight,Urban Road,Under Construction,Unknown,115,2
1,Minor,11:49,Sunday,Snowy,Dusk,Urban Road,Under Construction,Signals,56,1
0,Serious,16:23,Sunday,Rainy,Dark,Urban Road,Wet,Unknown,93,4
0,Minor,14:08,Thursday,Hazy,Dark,Village Road,Dry,Unknown,68,3
0,Minor,15:00,Monday,Snowy,Dark,State Highway,Wet,Signals,67,1
0,Minor,14:27,Friday,Clear,Daylight,Village Road,Icy,None,92,4
0,Serious,23:44,Thursday,Snowy,Dark,Village Road,Wet,Signals,107,4
0,Minor,7:57,Saturday,Foggy,Daylight,Urban Road,Under Construction,None,119,3
1,Minor,4:43,Sunday,Snowy,Daylight,National Highway,Icy,Unknown,48,2
1,Minor,10:57,Sunday,Rainy,Daylight,State Highway,Icy,None,79,2
1,Minor,14:47,Sunday,Clear,Dusk,Urban Road,Dry,Unknown,48,1
1,Minor,1:04,Saturday,Rainy,Daylight,State Highway,Dry,None,77,1
0,Minor,10:03,Sunday,Hazy,Dawn,Village Road,Icy,None,67,5
1,Minor,18:00,Wednesday,Foggy,Dark,State Highway,Icy,Signals,42,2
0,Minor,14:21,Saturday,Hazy,Dusk,State Highway,Wet,None,46,1
0,Fatal,19:40,Friday,Rainy,Dark,National Highway,Icy,Unknown,114,5
0,Minor,17:50,Thursday,Rainy,Daylight,Urban Road,Under Construction,Signals,26,4
0,Minor,5:41,Friday,Rainy,Dusk,State Highway,Wet,None,68,1
0,Minor,1:28,Tuesday,Stormy,Dawn,State Highway,Under Construction,Signals,73,5
0,Minor,14:33,Sunday,Foggy,Daylight,Village Road,Under Construction,Guard,87,2
1,Fatal,2:43,Tuesday,Rainy,Dark,Village Road,Under Construction,Signals,97,4
0,Minor,3:20,Monday,Rainy,Dawn,State Highway,Icy,Guard,61,1
0,Minor,3:53,Monday,Hazy,Daylight,Urban Road,Dry,Guard,93,2
0,Minor,3:38,Tuesday,Hazy,Dawn,State Highway,Dry,Signals,78,4
0,Minor,7:49,Saturday,Rainy,Daylight,State Highway,Under Construction,Unknown,63,3
1,Minor,1:35,Friday,Clear,Dusk,National Highway,Icy,Unknown,117,2
0,Minor,8:53,Tuesday,Stormy,Daylight,Urban Road,Wet,Unknown,45,3
1,Minor,19:37,Monday,Hazy,Dusk,National Highway,Under Construction,Signs,42,1
1,Serious,2:17,Tuesday,Clear,Daylight,Urban Road,Wet,Guard,92,5
0,Minor,9:38,Saturday,Stormy,Daylight,Urban Road,Wet,Signals,27,1
0,Minor,19:04,Tuesday,Rainy,Dark,Urban Road,Icy,Unknown,72,2
1,Minor,11:51,Friday,Foggy,Dawn,National Highway,Icy,Unknown,33,3
1,Minor,20:12,Thursday,Snowy,Dawn,National Highway,Dry,Signals,90,3
1,Minor,23:26,Saturday,Snowy,Dawn,National Highway,Dry,Guard,26,4
1,Minor,22:15,Monday,Rainy,Daylight,Village Road,Icy,Signals,28,1
0,Minor,10:35,Friday,Hazy,Daylight,National Highway,Under Construction,Signs,22,1
0,Minor,17:38,Tuesday,Clear,Daylight,Village Road,Dry,Signs,97,2
0,Minor,17:36,Tuesday,Foggy,Dusk,Village Road,Wet,Signals,36,3
1,Minor,6:53,Thursday,Stormy,Dusk,Village Road,Under Construction,Guard,63,2
0,Serious,3:36,Monday,Rainy,Dark,State Highway,Wet,Unknown,105,2
0,Minor,18:48,Monday,Foggy,Daylight,State Highway,Icy,Signs,65,3
0,Minor,17:49,Wednesday,Foggy,Dawn,State Highway,Wet,Signs,109,2
0,Minor,8:14,Monday,Hazy,Dawn,Village Road,Under Construction,Guard,77,3
0,Minor,23:52,Thursday,Stormy,Dark,Village Road,Icy,Signs,47,2
1,Minor,11:39,Sunday,Foggy,Dawn,Urban Road,Under Construction,Signs,33,5
0,Minor,7:06,Wednesday,Hazy,Dark,Village Road,Wet,Guard,28,2
1,Minor,14:09,Wednesday,Clear,Daylight,State Highway,Under Construction,Signals,45,2
0,Minor,10:31,Tuesday,Hazy,Dawn,Village Road,Icy,Unknown,21,5
0,Minor,5:05,Tuesday,Clear,Daylight,Village Road,Wet,Unknown,94,1
1,Serious,4:03,Monday,Clear,Dusk,Urban Road,Wet,Signs,100,3
1,Minor,3:51,Wednesday,Foggy,Dawn,Village Road,Dry,Unknown,53,4
0,Minor,21:34,Tuesday,Hazy,Dusk,National Highway,Dry,Signals,38,5
1,Minor,6:30,Thursday,Clear,Dawn,Urban Road,Under Construction,Signs,58,1
0,Minor,13:29,Tuesday,Stormy,Daylight,Village Road,Dry,Unknown,101,2
0,Minor,11:02,Saturday,Foggy,Dark,Village Road,Dry,None,32,1
0,Minor,4:17,Saturday,Hazy,Daylight,Urban Road,Dry,None,24,5
0,Minor,14:08,Tuesday,Hazy,Daylight,Village Road,Dry,None,69,2
0,Minor,23:31,Wednesday,Snowy,Daylight,State Highway,Icy,None,42,1
0,Minor,23:20,Sunday,Hazy,Dawn,National Highway,Icy,None,107,4
0,Minor,10:40,Sunday,Foggy,Dark,National Highway,Dry,Signs,48,3
0,Minor,20:30,Wednesday,Stormy,Dusk,State Highway,Under Construction,Guard,91,3
0,Minor,3:41,Friday,Hazy,Daylight,Village Road,Icy,Guard,45,5
1,Minor,17:41,Sunday,Snowy,Dawn,Village Road,Dry,Signs,98,2
0,Minor,22:42,Saturday,Foggy,Dusk,National Highway,Icy,Signs,76,2
0,Minor,11:02,Thursday,Clear,Daylight,Village Road,Wet,Signals,20,3
1,Minor,21:50,Wednesday,Rainy,Dusk,National Highway,Icy,Guard,47,1
0,Minor,0:13,Monday,Rainy,Daylight,National Highway,Icy,None,81,2
0,Minor,14:15,Saturday,Clear,Dusk,State Highway,Under Construction,Signs,66,4
0,Minor,0:55,Thursday,Hazy,Dusk,National Highway,Icy,None,97,4
0,Serious,9:52,Thursday,Rainy,Dark,Village Road,Under Construction,Guard,117,2
1,Serious,16:38,Wednesday,Rainy,Dark,Village Road,Wet,Unknown,78,2
1,Minor,14:24,Thursday,Clear,Daylight,Urban Road,Dry,Unknown,50,3
0,Minor,20:14,Wednesday,Hazy,Dawn,Village Road,Under Construction,Signs,89,5
1,Minor,0:59,Sunday,Hazy,Dark,Urban Road,Icy,Signals,68,3
1,Minor,22:20,Tuesday,Clear,Dusk,National Highway,Icy,None,24,5
0,Minor,2:56,Saturday,Hazy,Dark,Village Road,Under Construction,Signs,50,4
1,Serious,12:46,Friday,Hazy,Dark,State Highway,Wet,Signals,56,5
0,Minor,22:08,Tuesday,Foggy,Daylight,State Highway,Dry,None,98,3
1,Minor,23:12,Saturday,Foggy,Dark,State Highway,Icy,Guard,34,2
1,Serious,18:58,Wednesday,Clear,Dark,National Highway,Wet,Unknown,71,5
0,Minor,17:35,Saturday,Stormy,Dusk,National Highway,Dry,Signals,88,3
0,Serious,20:34,Sunday,Rainy,Dark,Urban Road,Dry,None,111,4
0,Minor,23:50,Wednesday,Foggy,Dusk,State Highway,Icy,Signs,116,5
0,Minor,20:46,Tuesday,Rainy,Dark,Urban Road,Under Construction,None,30,4
1,Minor,7:14,Monday,Snowy,Dark,Urban Road,Icy,Signs,62,4
1,Minor,16:55,Monday,Clear,Dawn,Village Road,Icy,Unknown,89,1
0,Minor,14:00,Saturday,Stormy,Dark,Village Road,Icy,Unknown,42,5
0,Minor,23:06,Monday,Snowy,Dusk,State Highway,Wet,None,59,3
0,Minor,12:06,Wednesday,Snowy,Dusk,National Highway,Under Construction,None,82,5
0,Minor,13:47,Thursday,Hazy,Daylight,Village Road,Wet,Signs,21,5
0,Minor,8:54,Wednesday,Snowy,Daylight,National Highway,Icy,Signs,98,4
0,Minor,12:51,Thursday,Clear,Dawn,Urban Road,Under Construction,Signals,106,4
1,Minor,10:48,Tuesday,Foggy,Dusk,Urban Road,Dry,Signals,105,4
0,Minor,21:38,Friday,Clear,Dusk,Urban Road,Under Construction,Signals,92,4
0,Minor,18:06,Thursday,Foggy,Dusk,Urban Road,Icy,None,66,3
1,Minor,17:51,Monday,Snowy,Dawn,State Highway,Under Construction,Signals,49,2
0,Minor,14:17,Wednesday,Snowy,Dusk,Urban Road,Dry,None,35,1
1,Minor,11:29,Tuesday,Stormy,Daylight,Village Road,Dry,Unknown,78,4
1,Minor,3:49,Monday,Foggy,Dawn,Urban Road,Under Construction,Guard,66,4
0,Minor,4:56,Tuesday,Snowy,Daylight,National Highway,Dry,Unknown,49,1
0,Minor,10:17,Friday,Hazy,Daylight,Village Road,Wet,None,28,4
0,Minor,17:25,Sunday,Rainy,Dawn,National Highway,Under Construction,None,84,2
0,Minor,18:29,Wednesday,Stormy,Dark,National Highway,Dry,Guard,78,5
0,Serious,6:17,Saturday,Clear,Dark,State Highway,Dry,Signs,83,1
0,Minor,21:07,Wednesday,Stormy,Daylight,State Highway,Under Construction,Signs,27,3
0,Minor,5:21,Friday,Rainy,Dark,National Highway,Wet,Signs,71,1
0,Minor,1:05,Wednesday,Foggy,Dusk,National Highway,Under Construction,Signals,37,2
0,Minor,14:37,Saturday,Clear,Dawn,Urban Road,Dry,Signs,110,3
1,Minor,3:04,Thursday,Clear,Daylight,Village Road,Under Construction,Signals,101,5
0,Minor,9:22,Tuesday,Foggy,Dusk,Urban Road,Dry,Signals,115,4
0,Minor,21:15,Saturday,Stormy,Dark,State Highway,Icy,Signs,77,1
0,Minor,19:08,Monday,Snowy,Dusk,State Highway,Under Construction,Signs,68,3
1,Minor,22:53,Friday,Stormy,Dark,Urban Road,Under Construction,Guard,51,1
0,Minor,7:46,Thursday,Rainy,Daylight,Village Road,Dry,Guard,67,5
0,Minor,2:35,Monday,Hazy,Dusk,National Highway,Dry,Signals,64,1
1,Minor,6:54,Monday,Snowy,Dawn,Urban Road,Dry,Guard,73,3
0,Minor,0:50,Friday,Stormy,Daylight,State Highway,Dry,Signals,119,2
1,Minor,5:09,Thursday,Hazy,Dusk,Village Road,Under Construction,None,119,3
0,Minor,6:29,Sunday,Hazy,Dusk,State Highway,Dry,Signals,104,1
0,Minor,23:13,Monday,Foggy,Dark,Village Road,Under Construction,Signals,65,5
0,Minor,7:19,Monday,Rainy,Daylight,Village Road,Wet,Guard,115,4
0,Minor,16:57,Thursday,Rainy,Daylight,Village Road,Under Construction,None,50,4
0,Minor,19:00,Wednesday,Rainy,Daylight,Urban Road,Dry,Unknown,56,5
1,Minor,1:04,Monday,Snowy,Daylight,Urban Road,Dry,Unknown,35,1
0,Minor,15:33,Tuesday,Clear,Dark,Urban Road,Wet,Unknown,65,5
0,Minor,8:16,Thursday,Snowy,Dawn,Village Road,Under Construction,None,65,1
0,Minor,18:11,Monday,Stormy,Daylight,Village Road,Wet,Signs,97,3
0,Serious,13:14,Friday,Hazy,Dark,State Highway,Under Construction,None,107,2
0,Minor,4:21,Saturday,Hazy,Dawn,National Highway,Dry,Guard,108,1
0,Minor,13:55,Tuesday,Clear,Dawn,Urban Road,Under Construction,Signals,80,4
0,Minor,7:09,Saturday,Stormy,Dark,Village Road,Dry,Signals,65,4
0,Minor,11:32,Saturday,Clear,Daylight,State Highway,Dry,Guard,70,2
0,Minor,2:15,Monday,Hazy,Dawn,State Highway,Icy,Guard,81,1
0,Minor,13:05,Tuesday,Snowy,Daylight,State Highway,Icy,Signals,54,2
0,Minor,2:34,Tuesday,Rainy,Daylight,Urban Road,Under Construction,Signs,100,3
0,Minor,16:11,Wednesday,Hazy,Dusk,Urban Road,Dry,Signs,61,2
1,Minor,12:53,Saturday,Foggy,Daylight,National Highway,Wet,Signs,64,3
0,Minor,5:37,Tuesday,Rainy,Dusk,State Highway,Dry,Guard,87,4
0,Minor,22:07,Wednesday,Hazy,Dawn,Urban Road,Wet,Signals,94,3
0,Minor,5:11,Thursday,Snowy,Dark,State Highway,Under Construction,Signals,66,1
1,Minor,3:11,Wednesday,Clear,Dusk,Village Road,Under Construction,Signals,98,1
1,Serious,15:41,Friday,Rainy,Dark,State Highway,Wet,None,49,1
0,Minor,0:18,Sunday,Snowy,Dawn,National Highway,Wet,None,43,1
0,Minor,8:26,Monday,Stormy,Daylight,Urban Road,Dry,Unknown,85,5
1,Minor,13:28,Thursday,Foggy,Dawn,Village Road,Under Construction,None,62,3
0,Minor,8:31,Sunday,Rainy,Dark,Urban Road,Dry,Signs,53,1
0,Minor,7:15,Sunday,Clear,Dawn,Village Road,Wet,Signs,42,2
0,Minor,13:20,Thursday,Stormy,Daylight,State Highway,Icy,Signs,80,2
0,Minor,22:38,Friday,Snowy,Dawn,State Highway,Icy,Signs,114,5
1,Minor,16:09,Wednesday,Foggy,Daylight,National Highway,Icy,Unknown,56,3
1,Minor,20:22,Monday,Clear,Dusk,National Highway,Wet,Signs,32,3
0,Serious,12:17,Wednesday,Snowy,Dark,Village Road,Dry,Guard,116,3
0,Minor,7:52,Tuesday,Snowy,Daylight,National Highway,Under Construction,Guard,90,5
0,Minor,0:35,Wednesday,Rainy,Daylight,National Highway,Wet,Guard,115,3
1,Minor,19:34,Thursday,Rainy,Dawn,National Highway,Icy,None,26,3
1,Minor,1:42,Monday,Clear,Dusk,National Highway,Dry,Signals,61,1
1,Minor,19:53,Wednesday,Hazy,Daylight,State Highway,Under Construction,Unknown,57,3
1,Minor,19:10,Monday,Hazy,Dusk,National Highway,Under Construction,Guard,71,1
0,Minor,18:13,Monday,Snowy,Dusk,State Highway,Wet,Guard,63,1
0,Minor,22:10,Tuesday,Rainy,Dawn,State Highway,Wet,Signs,83,3
0,Minor,15:02,Tuesday,Foggy,Daylight,Urban Road,Under Construction,Guard,32,2
1,Minor,18:30,Thursday,Foggy,Dawn,State Highway,Under Construction,Signs,107,4
0,Minor,5:48,Friday,Snowy,Dark,State Highway,Icy,Signs,47,2
0,Serious,12:46,Sunday,Rainy,Dark,National Highway,Under Construction,Signals,115,3
0,Minor,10:01,Monday,Clear,Daylight,State Highway,Wet,None,101,3
0,Minor,8:58,Friday,Clear,Dusk,Village Road,Dry,Signs,117,2
0,Minor,11:18,Sunday,Clear,Daylight,National Highway,Icy,Signs,117,3
0,Minor,17:48,Sunday,Foggy,Daylight,National Highway,Icy,Signals,20,1
0,Minor,12:48,Thursday,Rainy,Dark,National Highway,Under Construction,Signs,62,5
0,Minor,2:53,Sunday,Rainy,Dark,Urban Road,Dry,Unknown,61,3
0,Minor,9:41,Sunday,Foggy,Dusk,National Highway,Icy,None,114,3
0,Minor,15:38,Monday,Clear,Dusk,State Highway,Wet,Unknown,69,2
1,Minor,10:40,Monday,Clear,Daylight,Village Road,Under Construction,Guard,79,1
0,Minor,0:23,Saturday,Snowy,Dawn,National Highway,Wet,None,20,2
0,Minor,9:59,Friday,Hazy,Daylight,National Highway,Under Construction,Guard,70,2
1,Minor,16:04,Wednesday,Stormy,Dusk,Village Road,Icy,Signs,35,3
0,Minor,19:03,Tuesday,Hazy,Dawn,National Highway,Under Construction,Signals,58,1
1,Minor,13:51,Wednesday,Rainy,Dark,Urban Road,Dry,Unknown,34,3
0,Minor,17:16,Friday,Rainy,Dusk,State Highway,Wet,Guard,52,3
0,Minor,17:03,Tuesday,Rainy,Dusk,Village Road,Dry,Signs,106,3
0,Minor,5:53,Wednesday,Hazy,Dawn,Village Road,Wet,Unknown,72,3
0,Minor,16:23,Saturday,Stormy,Dusk,Urban Road,Wet,Unknown,117,5
0,Minor,3:38,Tuesday,Snowy,Dusk,State Highway,Under Construction,Guard,36,4
0,Minor,17:07,Monday,Hazy,Dusk,Urban Road,Icy,Signs,108,1
1,Minor,0:01,Wednesday,Stormy,Dusk,State Highway,Icy,Signals,25,5
0,Minor,21:39,Tuesday,Clear,Dusk,Urban Road,Dry,Guard,50,4
1,Minor,22:34,Saturday,Clear,Dusk,National Highway,Under Construction,Unknown,88,4
0,Minor,9:02,Sunday,Rainy,Dusk,Urban Road,Icy,Unknown,59,4
1,Minor,18:45,Tuesday,Foggy,Dusk,Village Road,Wet,None,49,5
0,Serious,22:48,Tuesday,Rainy,Dark,Village Road,Wet,Signs,88,1
0,Minor,21:05,Saturday,Foggy,Dusk,Village Road,Under Construction,None,95,2
0,Minor,21:30,Sunday,Stormy,Dark,Urban Road,Dry,Signals,26,4
0,Minor,18:39,Wednesday,Clear,Dark,Village Road,Under Construction,Guard,32,2
1,Minor,8:57,Thursday,Hazy,Daylight,Village Road,Dry,Unknown,23,2
0,Minor,20:48,Wednesday,Foggy,Daylight,National Highway,Under Construction,Signs,69,3
0,Minor,17:23,Sunday,Stormy,Dark,National Highway,Wet,Unknown,22,2
0,Minor,20:38,Friday,Clear,Dark,State Highway,Under Construction,None,31,3
0,Minor,10:34,Saturday,Hazy,Dusk,State Highway,Icy,None,84,1
1,Minor,19:23,Wednesday,Foggy,Daylight,State Highway,Icy,Guard,46,1
1,Minor,23:09,Tuesday,Rainy,Dawn,Urban Road,Under Construction,Signs,69,3
1,Minor,12:05,Saturday,Rainy,Daylight,State Highway,Dry,Signs,96,1
0,Minor,17:49,Monday,Rainy,Dark,Urban Road,Dry,Guard,36,4
0,Fatal,15:28,Sunday,Stormy,Dark,Urban Road,Wet,None,91,1
1,Minor,14:21,Wednesday,Rainy,Dusk,State Highway,Wet,None,51,3
0,Minor,17:04,Saturday,Snowy,Dusk,State Highway,Dry,None,103,4
1,Minor,11:24,Wednesday,Clear,Daylight,Urban Road,Under Construction,Unknown,70,2
1,Minor,15:52,Saturday,Stormy,Dusk,National Highway,Wet,Signals,36,2
1,Minor,22:45,Tuesday,Hazy,Dawn,Village Road,Dry,None,53,2
0,Minor,21:29,Monday,Rainy,Dawn,Village Road,Dry,Signals,54,3
0,Minor,5:39,Monday,Clear,Dusk,Village Road,Under Construction,Signals,118,2
1,Minor,2:35,Friday,Foggy,Dawn,National Highway,Icy,Signs,43,1
0,Minor,8:14,Saturday,Rainy,Dawn,Urban Road,Dry,Guard,73,2
0,Minor,18:41,Wednesday,Clear,Daylight,State Highway,Wet,Unknown,37,5
0,Minor,1:22,Monday,Snowy,Dawn,Urban Road,Under Construction,Signals,69,5
1,Minor,3:13,Sunday,Foggy,Dark,Urban Road,Under Construction,Unknown,65,2
0,Minor,14:01,Monday,Snowy,Dark,State Highway,Under Construction,Signs,67,2
0,Minor,9:17,Thursday,Hazy,Daylight,National Highway,Icy,None,52,5
0,Minor,0:52,Thursday,Clear,Dusk,Village Road,Icy,Signals,106,2
0,Minor,2:33,Monday,Snowy,Daylight,Village Road,Wet,Guard,108,4
1,Minor,20:50,Saturday,Hazy,Dusk,Urban Road,Wet,Signs,46,5
0,Minor,9:04,Friday,Clear,Dusk,National Highway,Under Construction,Unknown,20,3
0,Minor,10:02,Monday,Clear,Dusk,Village Road,Wet,None,104,5
1,Minor,1:57,Tuesday,Snowy,Dusk,National Highway,Dry,Unknown,78,1
1,Minor,17:03,Wednesday,Clear,Dusk,State Highway,Icy,Guard,29,4
0,Minor,5:36,Friday,Rainy,Daylight,Urban Road,Under Construction,Signals,114,3
1,Minor,15:47,Tuesday,Clear,Dusk,Urban Road,Under Construction,Guard,44,2
0,Minor,19:49,Friday,Stormy,Dawn,National Highway,Dry,Unknown,103,1
0,Minor,2:50,Tuesday,Hazy,Dawn,Village Road,Dry,Unknown,76,1
1,Minor,21:05,Wednesday,Clear,Dusk,National Highway,Dry,Guard,85,4
1,Minor,16:17,Wednesday,Stormy,Dawn,State Highway,Dry,Guard,34,3
1,Minor,22:42,Thursday,Clear,Dark,Village Road,Under Construction,Guard,47,1
1,Minor,23:09,Saturday,Clear,Daylight,Village Road,Icy,None,32,3
0,Minor,7:06,Tuesday,Snowy,Daylight,National Highway,Icy,Unknown,33,3
0,Minor,17:01,Thursday,Rainy,Dusk,State Highway,Dry,Signs,85,1
1,Minor,20:34,Tuesday,Hazy,Dusk,Village Road,Wet,None,53,3
0,Serious,18:44,Thursday,Rainy,Dark,Urban Road,Under Construction,None,118,4
1,Minor,12:42,Wednesday,Foggy,Dusk,State Highway,Icy,None,44,1
1,Minor,9:39,Friday,Snowy,Dawn,Village Road,Dry,Signs,73,4
1,Serious,20:57,Sunday,Snowy,Dark,National Highway,Wet,Guard,98,4
0,Minor,21:43,Thursday,Rainy,Dawn,Village Road,Wet,Unknown,31,3
0,Minor,19:28,Tuesday,Snowy,Daylight,Urban Road,Dry,Signals,28,3
0,Minor,20:50,Tuesday,Rainy,Dawn,State Highway,Under Construction,Signals,50,1
0,Minor,22:22,Sunday,Snowy,Daylight,Village Road,Icy,Unknown,97,2
0,Minor,14:30,Saturday,Clear,Dawn,Urban Road,Wet,Signs,112,1
0,Minor,22:13,Wednesday,Rainy,Daylight,Village Road,Icy,Signals,72,4
0,Minor,16:22,Tuesday,Rainy,Dusk,Village Road,Icy,None,62,3
0,Minor,20:50,Monday,Stormy,Dawn,State Highway,Wet,Signals,57,4
0,Minor,20:07,Friday,Snowy,Daylight,National Highway,Dry,Unknown,61,5
0,Minor,23:22,Thursday,Snowy,Dawn,National Highway,Wet,None,91,5
0,Minor,6:40,Saturday,Rainy,Dark,Urban Road,Wet,Signals,67,4
1,Minor,2:39,Sunday,Clear,Dusk,Urban Road,Under Construction,Unknown,86,2
0,Minor,3:43,Friday,Clear,Daylight,Urban Road,Icy,Signs,85,2
0,Minor,9:02,Wednesday,Hazy,Dark,State Highway,Dry,Unknown,35,1
0,Minor,8:03,Saturday,Clear,Dawn,National Highway,Icy,Signs,102,1
1,Fatal,9:16,Thursday,Snowy,Dark,Urban Road,Wet,None,113,1
0,Minor,21:16,Thursday,Stormy,Dawn,Urban Road,Dry,Unknown,35,3
0,Minor,7:15,Sunday,Rainy,Dusk,Village Road,Dry,Guard,50,2
0,Minor,18:27,Monday,Foggy,Dark,Village Road,Dry,Guard,77,4
0,Minor,23:06,Sunday,Stormy,Dusk,Urban Road,Dry,Guard,47,5
0,Minor,7:32,Wednesday,Foggy,Daylight,Village Road,Under Construction,Guard,23,2
0,Minor,19:58,Saturday,Stormy,Dawn,Village Road,Dry,Guard,29,2
0,Minor,23:04,Saturday,Clear,Dawn,Village Road,Wet,Signs,70,2
1,Minor,13:40,Tuesday,Snowy,Dusk,State Highway,Under Construction,Unknown,37,1
1,Minor,16:43,Monday,Foggy,Dusk,Urban Road,Wet,None,66,3
0,Minor,16:50,Monday,Stormy,Daylight,Urban Road,Wet,Guard,51,4
0,Minor,11:22,Saturday,Snowy,Dark,Village Road,Icy,Guard,49,1
1,Minor,9:15,Saturday,Foggy,Dawn,State Highway,Dry,None,55,3
0,Minor,15:59,Friday,Rainy,Dawn,Village Road,Dry,None,28,2
0,Minor,12:59,Friday,Stormy,Daylight,State Highway,Wet,Guard,55,3
0,Minor,20:04,Friday,Rainy,Daylight,Urban Road,Dry,Signs,48,1
0,Minor,22:54,Monday,Clear,Dusk,Village Road,Under Construction,None,35,2
1,Minor,6:51,Tuesday,Rainy,Dusk,Urban Road,Icy,Unknown,111,1
1,Minor,13:22,Thursday,Rainy,Dark,State Highway,Dry,Unknown,40,4
0,Minor,3:13,Friday,Hazy,Daylight,National Highway,Dry,Signs,83,2
0,Serious,9:17,Tuesday,Stormy,Dark,State Highway,Under Construction,Signals,85,3
0,Minor,13:42,Sunday,Clear,Daylight,National Highway,Icy,Signs,78,1
0,Minor,0:07,Wednesday,Rainy,Dawn,Urban Road,Under Construction,Guard,118,5
0,Minor,17:12,Friday,Snowy,Daylight,Urban Road,Wet,Signals,47,3
0,Minor,16:33,Sunday,Foggy,Daylight,Village Road,Wet,Guard,74,3
1,Minor,15:42,Thursday,Rainy,Dawn,National Highway,Dry,Unknown,119,2
0,Minor,21:58,Wednesday,Clear,Daylight,State Highway,Icy,None,50,3
0,Minor,3:35,Wednesday,Rainy,Dark,Urban Road,Wet,Guard,52,1
1,Minor,6:09,Thursday,Foggy,Dusk,National Highway,Under Construction,Unknown,106,5
1,Minor,19:56,Friday,Clear,Dusk,State Highway,Wet,Signs,79,4
0,Minor,0:13,Monday,Stormy,Dark,National Highway,Wet,Guard,60,5
0,Minor,14:13,Thursday,Clear,Dawn,State Highway,Under Construction,Unknown,100,1
0,Minor,8:45,Thursday,Stormy,Daylight,State Highway,Dry,None,65,2
0,Minor,21:21,Thursday,Clear,Dark,State Highway,Icy,Guard,68,1
0,Minor,12:24,Wednesday,Foggy,Dusk,State Highway,Dry,Unknown,84,3
1,Minor,18:42,Tuesday,Foggy,Dusk,National Highway,Under Construction,Guard,61,2
0,Minor,8:09,Sunday,Clear,Dark,National Highway,Wet,None,42,4
0,Minor,11:16,Monday,Rainy,Dusk,Village Road,Icy,Guard,46,4
0,Fatal,19:10,Friday,Foggy,Dark,National Highway,Dry,Guard,108,1
0,Minor,4:34,Friday,Stormy,Dusk,National Highway,Under Construction,Unknown,51,3
1,Serious,0:28,Sunday,Stormy,Dark,Village Road,Wet,Signals,102,4
1,Serious,18:36,Tuesday,Snowy,Daylight,National Highway,Wet,Guard,107,5
0,Minor,12:55,Thursday,Hazy,Daylight,State Highway,Dry,Signals,22,2
0,Minor,11:33,Monday,Hazy,Daylight,Urban Road,Under Construction,Signs,79,5
0,Minor,11:05,Friday,Hazy,Daylight,Urban Road,Wet,Guard,95,4
0,Minor,5:01,Sunday,Stormy,Dusk,Village Road,Wet,Signals,118,4
0,Minor,4:33,Saturday,Snowy,Dawn,National Highway,Icy,Signs,98,1
0,Minor,17:32,Sunday,Hazy,Dark,National Highway,Wet,Unknown,36,1
0,Minor,2:47,Friday,Hazy,Dawn,Village Road,Dry,Guard,51,2
0,Minor,16:57,Thursday,Clear,Dusk,Urban Road,Under Construction,Unknown,26,1
0,Minor,15:02,Saturday,Clear,Dusk,State Highway,Under Construction,Signs,102,3
0,Minor,14:53,Tuesday,Clear,Dawn,National Highway,Icy,Unknown,90,2
0,Minor,2:26,Monday,Rainy,Dawn,Village Road,Under Construction,Unknown,88,3
0,Minor,8:20,Tuesday,Hazy,Dusk,State Highway,Dry,None,77,1
0,Minor,8:18,Tuesday,Rainy,Dusk,Village Road,Wet,Signs,59,2
1,Serious,9:58,Sunday,Snowy,Dark,Village Road,Icy,Unknown,104,4
0,Minor,6:21,Monday,Stormy,Daylight,Village Road,Under Construction,Signals,67,5
0,Minor,5:37,Monday,Hazy,Daylight,Urban Road,Icy,Signs,70,4
0,Minor,18:17,Friday,Stormy,Dark,Urban Road,Icy,None,76,3
0,Minor,4:50,Friday,Clear,Dawn,Village Road,Under Construction,Guard,90,4
0,Minor,16:48,Monday,Hazy,Dusk,National Highway,Icy,Unknown,56,4
0,Minor,21:33,Saturday,Foggy,Dawn,State Highway,Under Construction,Signals,106,5
1,Minor,13:32,Wednesday,Rainy,Daylight,National Highway,Dry,None,94,5
0,Minor,10:25,Friday,Rainy,Daylight,Urban Road,Under Construction,Signs,93,4
0,Minor,18:44,Wednesday,Hazy,Dawn,State Highway,Wet,Unknown,104,5
0,Minor,17:01,Sunday,Clear,Daylight,Village Road,Under Construction,None,74,4
0,Minor,18:51,Saturday,Rainy,Dusk,National Highway,Wet,None,60,2
0,Serious,5:27,Monday,Clear,Dark,National Highway,Icy,Signals,116,4
1,Minor,1:43,Saturday,Snowy,Dawn,Village Road,Under Construction,Guard,39,1
0,Minor,9:53,Friday,Stormy,Dusk,National Highway,Wet,Guard,52,5
1,Minor,5:17,Tuesday,Foggy,Dusk,Urban Road,Under Construction,Guard,59,5
1,Minor,14:45,Sunday,Stormy,Daylight,Village Road,Under Construction,Signs,118,3
0,Minor,7:54,Monday,Stormy,Dusk,National Highway,Under Construction,None,53,3
0,Minor,17:26,Thursday,Snowy,Dawn,Village Road,Dry,Signs,81,1
0,Minor,14:36,Sunday,Rainy,Dusk,State Highway,Wet,None,119,5
0,Serious,0:35,Wednesday,Foggy,Dark,Village Road,Dry,Signals,110,5
0,Minor,12:12,Saturday,Rainy,Dusk,National Highway,Dry,Signals,38,3
0,Minor,0:13,Monday,Hazy,Dusk,Urban Road,Wet,Signs,62,3
0,Serious,6:14,Sunday,Stormy,Dark,Village Road,Under Construction,Signs,88,4
0,Minor,17:43,Saturday,Hazy,Dusk,Village Road,Dry,Signals,82,5
1,Minor,3:58,Monday,Clear,Dusk,National Highway,Dry,Unknown,112,5
0,Minor,6:56,Friday,Stormy,Daylight,Urban Road,Dry,Guard,29,4
1,Minor,15:21,Sunday,Rainy,Dawn,Urban Road,Under Construction,Guard,32,5
0,Minor,7:54,Friday,Stormy,Daylight,State Highway,Dry,Signals,112,1
0,Minor,11:38,Sunday,Clear,Dawn,State Highway,Icy,Guard,24,3
0,Minor,20:13,Friday,Snowy,Dark,National Highway,Wet,Unknown,77,3
0,Minor,15:12,Saturday,Hazy,Dark,Urban Road,Icy,Unknown,78,3
1,Fatal,16:49,Thursday,Hazy,Dark,Urban Road,Under Construction,None,95,2
1,Minor,18:23,Sunday,Rainy,Dawn,State Highway,Dry,Signs,78,1
1,Serious,2:52,Sunday,Stormy,Dawn,State Highway,Wet,Guard,96,1
0,Minor,13:32,Friday,Rainy,Dawn,National Highway,Dry,Unknown,105,4
0,Minor,16:54,Monday,Snowy,Dark,Urban Road,Under Construction,Signs,34,2
1,Serious,8:09,Sunday,Stormy,Dawn,Village Road,Wet,Signs,96,5
1,Minor,3:39,Friday,Stormy,Dusk,State Highway,Icy,None,20,1
1,Minor,22:11,Tuesday,Rainy,Daylight,National Highway,Wet,Signs,57,2
0,Minor,22:52,Friday,Rainy,Dark,Urban Road,Dry,Signs,72,2
0,Minor,23:16,Saturday,Clear,Daylight,Urban Road,Wet,Signals,71,1
1,Minor,19:26,Thursday,Snowy,Dusk,State Highway,Under Construction,None,20,4
0,Minor,5:10,Tuesday,Clear,Dawn,National Highway,Under Construction,None,30,2
1,Minor,15:43,Saturday,Hazy,Daylight,Village Road,Wet,Guard,77,3
1,Minor,3:58,Saturday,Stormy,Dusk,State Highway,Under Construction,Signs,59,2
0,Minor,13:34,Saturday,Rainy,Dusk,National Highway,Under Construction,Guard,105,5
1,Minor,16:55,Monday,Stormy,Daylight,Urban Road,Under Construction,Unknown,118,1
1,Minor,18:40,Saturday,Stormy,Dark,Village Road,Icy,Signs,79,5
0,Minor,5:50,Monday,Foggy,Daylight,National Highway,Dry,Unknown,63,4
1,Minor,13:46,Saturday,Hazy,Dark,Village Road,Under Construction,Signals,25,3
0,Minor,3:51,Wednesday,Foggy,Dawn,National Highway,Wet,Signs,47,1
1,Minor,17:21,Tuesday,Stormy,Dark,National Highway,Under Construction,Guard,50,2
0,Minor,10:22,Wednesday,Rainy,Dawn,National Highway,Icy,Guard,27,3
1,Minor,2:18,Saturday,Stormy,Daylight,National Highway,Wet,Signs,24,2
0,Minor,12:29,Tuesday,Hazy,Dawn,Village Road,Dry,Guard,73,4
0,Minor,11:44,Tuesday,Foggy,Dusk,State Highway,Wet,Signs,36,1
1,Minor,22:47,Sunday,Rainy,Dawn,Village Road,Wet,None,57,4
0,Minor,18:01,Thursday,Stormy,Dark,National Highway,Wet,Guard,28,4
0,Serious,21:18,Wednesday,Snowy,Dark,Village Road,Wet,Signs,93,4
1,Serious,2:57,Thursday,Hazy,Dark,Village Road,Under Construction,Signs,103,4
1,Minor,1:34,Tuesday,Hazy,Dawn,Village Road,Dry,Guard,97,2
0,Minor,0:46,Monday,Snowy,Dark,National Highway,Under Construction,None,33,5
0,Minor,8:21,Tuesday,Stormy,Dark,Village Road,Icy,Guard,45,2
0,Minor,0:38,Thursday,Hazy,Dusk,Urban Road,Icy,Signs,112,3
0,Minor,22:04,Wednesday,Rainy,Dawn,National Highway,Wet,None,81,4
0,Minor,8:23,Saturday,Stormy,Dusk,Village Road,Under Construction,Unknown,110,3
0,Minor,19:58,Sunday,Stormy,Dark,Urban Road,Under Construction,Signals,44,2
1,Serious,13:39,Sunday,Foggy,Dark,Village Road,Dry,Guard,99,4
1,Minor,6:22,Sunday,Hazy,Dark,State Highway,Dry,Signs,55,2
1,Minor,8:33,Saturday,Hazy,Dawn,Village Road,Dry,None,117,4
0,Minor,23:51,Sunday,Snowy,Daylight,Village Road,Under Construction,None,99,2
0,Minor,17:55,Wednesday,Foggy,Dark,State Highway,Dry,Unknown,52,1
0,Minor,1:09,Saturday,Foggy,Dark,National Highway,Dry,Guard,22,5
0,Serious,19:54,Sunday,Hazy,Dark,State Highway,Dry,None,106,5
0,Minor,7:00,Saturday,Stormy,Dark,National Highway,Wet,Unknown,30,4
1,Minor,17:15,Thursday,Foggy,Dawn,State Highway,Icy,Signs,77,1
0,Minor,1:39,Wednesday,Snowy,Daylight,Village Road,Icy,Unknown,83,3
0,Minor,8:33,Friday,Foggy,Daylight,Village Road,Under Construction,Guard,37,1
0,Minor,23:40,Monday,Snowy,Daylight,National Highway,Under Construction,Unknown,66,4
1,Serious,10:13,Sunday,Foggy,Dark,National Highway,Wet,None,63,1
0,Serious,0:18,Monday,Snowy,Dark,Urban Road,Icy,None,112,3
0,Minor,10:11,Saturday,Foggy,Daylight,Urban Road,Dry,Signals,78,4
0,Minor,21:46,Monday,Foggy,Daylight,Village Road,Dry,Unknown,69,5
1,Serious,14:50,Wednesday,Rainy,Dark,Village Road,Under Construction,Signs,88,1
0,Serious,10:40,Wednesday,Snowy,Dark,Urban Road,Icy,Guard,107,5
1,Minor,22:35,Tuesday,Snowy,Dusk,Urban Road,Under Construction,Signals,48,5
1,Minor,8:32,Sunday,Snowy,Dusk,National Highway,Under Construction,Unknown,112,2
0,Minor,13:59,Tuesday,Clear,Dusk,State Highway,Dry,Signs,109,3
0,Minor,9:31,Monday,Foggy,Daylight,National Highway,Dry,Signals,86,1
1,Minor,2:03,Friday,Snowy,Dawn,Urban Road,Icy,None,21,5
0,Minor,2:07,Tuesday,Hazy,Dark,Village Road,Under Construction,Guard,44,5
0,Minor,16:12,Tuesday,Clear,Dusk,Urban Road,Wet,Unknown,38,3
1,Minor,19:05,Wednesday,Rainy,Dawn,Village Road,Icy,Signs,59,5
1,Minor,7:14,Friday,Snowy,Dark,Village Road,Under Construction,None,21,5
1,Minor,12:18,Saturday,Snowy,Dawn,Village Road,Icy,Signals,102,5
1,Minor,21:52,Monday,Clear,Daylight,Village Road,Icy,Guard,84,5
0,Minor,5:58,Tuesday,Foggy,Daylight,State Highway,Icy,Signals,81,2
0,Minor,19:30,Friday,Hazy,Daylight,Urban Road,Wet,Signals,110,2
1,Minor,7:23,Sunday,Rainy,Dusk,National Highway,Wet,Signs,73,4
0,Minor,9:19,Friday,Snowy,Dark,Village Road,Dry,None,64,1
0,Minor,6:45,Monday,Foggy,Daylight,Village Road,Dry,Unknown,68,3
1,Minor,20:04,Friday,Hazy,Dusk,National Highway,Under Construction,Signs,118,4
0,Minor,15:32,Friday,Hazy,Dusk,National Highway,Icy,Guard,88,2
0,Minor,1:37,Friday,Rainy,Dusk,Village Road,Under Construction,Signals,57,2
0,Minor,22:13,Sunday,Stormy,Dusk,National Highway,Dry,Guard,23,2
0,Minor,22:26,Tuesday,Hazy,Daylight,National Highway,Wet,Signs,36,4
0,Minor,10:03,Monday,Stormy,Dusk,State Highway,Dry,Signs,72,2
0,Minor,19:09,Sunday,Hazy,Daylight,National Highway,Under Construction,Unknown,104,4
0,Minor,14:59,Friday,Rainy,Daylight,Urban Road,Dry,Signals,72,2
0,Minor,17:43,Friday,Clear,Dusk,Urban Road,Under Construction,Signs,50,5
1,Minor,4:09,Tuesday,Rainy,Daylight,Urban Road,Under Construction,Guard,41,5
0,Minor,14:20,Monday,Rainy,Dark,Village Road,Under Construction,Unknown,30,1
1,Minor,3:27,Wednesday,Clear,Dark,Urban Road,Under Construction,Guard,53,2
0,Minor,22:29,Sunday,Clear,Dawn,State Highway,Dry,Signals,34,1
0,Minor,13:57,Tuesday,Foggy,Dark,Urban Road,Under Construction,Unknown,29,4
1,Minor,18:19,Monday,Hazy,Daylight,Village Road,Under Construction,Unknown,115,1
0,Minor,18:25,Sunday,Foggy,Daylight,State Highway,Icy,Unknown,72,2
1,Minor,10:52,Friday,Clear,Dark,Urban Road,Under Construction,None,67,4
0,Minor,12:14,Monday,Stormy,Dusk,State Highway,Dry,Unknown,50,4
1,Minor,7:50,Monday,Stormy,Dusk,State Highway,Under Construction,Guard,56,5
0,Minor,13:38,Saturday,Rainy,Daylight,Village Road,Wet,Guard,47,4
1,Minor,20:43,Monday,Snowy,Dusk,Village Road,Wet,Signals,50,4
0,Minor,18:55,Wednesday,Rainy,Dawn,State Highway,Under Construction,Signs,89,1
1,Minor,6:11,Monday,Rainy,Dawn,Urban Road,Wet,Signs,33,4
0,Serious,8:03,Wednesday,Snowy,Dark,Village Road,Wet,None,106,3
0,Minor,23:36,Friday,Hazy,Dark,State Highway,Dry,Unknown,35,5
1,Minor,5:25,Wednesday,Clear,Dusk,National Highway,Icy,None,44,5
0,Minor,22:27,Sunday,Stormy,Daylight,National Highway,Wet,Signals,58,4
0,Serious,2:59,Friday,Rainy,Dark,Village Road,Wet,Signals,85,1
0,Minor,17:57,Friday,Snowy,Dawn,Urban Road,Icy,Signs,57,5
0,Minor,6:16,Wednesday,Foggy,Dark,National Highway,Icy,Signals,60,5
0,Serious,19:54,Tuesday,Rainy,Dark,National Highway,Wet,Unknown,117,3
0,Minor,18:22,Thursday,Stormy,Dawn,National Highway,Under Construction,Guard,59,4
1,Serious,21:01,Monday,Clear,Daylight,Urban Road,Wet,Signals,83,5
0,Serious,9:51,Saturday,Rainy,Dark,Urban Road,Under Construction,None,108,5
0,Serious,18:09,Thursday,Rainy,Dark,Village Road,Under Construction,Unknown,119,5
1,Minor,7:15,Monday,Hazy,Dark,Village Road,Under Construction,Signals,35,5
1,Minor,9:00,Monday,Snowy,Dusk,National Highway,Icy,Signals,101,1
0,Serious,1:44,Friday,Foggy,Dark,Urban Road,Wet,Unknown,96,2
0,Minor,6:36,Monday,Foggy,Dawn,State Highway,Wet,Signals,78,3
0,Minor,21:38,Saturday,Clear,Daylight,National Highway,Dry,Guard,110,1
0,Minor,12:04,Monday,Stormy,Daylight,Village Road,Icy,Signs,117,3
0,Minor,21:39,Wednesday,Clear,Dawn,Urban Road,Dry,Unknown,30,5
0,Minor,11:40,Thursday,Rainy,Dusk,Village Road,Dry,None,20,3
0,Minor,8:15,Wednesday,Rainy,Dawn,Village Road,Under Construction,Signals,32,4
0,Minor,8:01,Saturday,Foggy,Daylight,Urban Road,Icy,Signs,49,4
1,Minor,21:06,Monday,Stormy,Dawn,National Highway,Dry,None,88,2
1,Minor,21:31,Sunday,Snowy,Dusk,Urban Road,Wet,None,37,2
0,Minor,0:03,Saturday,Stormy,Daylight,National Highway,Dry,Guard,97,3
0,Minor,16:43,Friday,Rainy,Dusk,Village Road,Icy,Signs,32,1
0,Minor,1:48,Wednesday,Snowy,Dawn,Urban Road,Wet,Unknown,51,1
1,Serious,12:48,Wednesday,Stormy,Dark,State Highway,Wet,Signs,90,5
0,Minor,14:12,Tuesday,Stormy,Dawn,National Highway,Wet,Signs,91,1
0,Minor,2:03,Monday,Snowy,Dusk,State Highway,Under Construction,None,69,2
1,Serious,12:47,Friday,Rainy,Dawn,National Highway,Wet,Guard,90,1
1,Serious,5:02,Sunday,Stormy,Dark,Urban Road,Under Construction,Guard,99,5
1,Minor,0:49,Wednesday,Snowy,Dusk,State Highway,Under Construction,Signs,50,4
1,Minor,6:50,Wednesday,Hazy,Dawn,Urban Road,Dry,Signs,70,1
0,Minor,22:44,Friday,Hazy,Dusk,National Highway,Dry,Signals,46,1
0,Minor,15:50,Saturday,Rainy,Dusk,National Highway,Wet,None,79,2
1,Minor,13:35,Saturday,Snowy,Daylight,National Highway,Icy,Unknown,52,3
1,Minor,3:11,Monday,Hazy,Daylight,National Highway,Wet,Unknown,72,4
0,Minor,17:41,Tuesday,Snowy,Dusk,Village Road,Dry,Guard,112,3
0,Minor,16:54,Wednesday,Stormy,Dawn,National Highway,Wet,None,91,5
0,Minor,7:46,Tuesday,Rainy,Dawn,State Highway,Dry,Guard,52,5
1,Minor,5:18,Saturday,Hazy,Dawn,National Highway,Wet,Unknown,60,3
1,Minor,20:01,Saturday,Stormy,Dark,Urban Road,Icy,Signs,38,2
0,Minor,9:13,Thursday,Clear,Dusk,Village Road,Wet,None,104,2
0,Minor,19:12,Sunday,Clear,Dusk,State Highway,Icy,None,60,2
0,Fatal,13:03,Monday,Rainy,Dark,Village Road,Icy,Signals,104,4
1,Serious,18:48,Thursday,Hazy,Dusk,Village Road,Wet,Signs,108,5
1,Minor,8:02,Sunday,Hazy,Dusk,Village Road,Icy,Signs,61,5
1,Minor,5:40,Thursday,Hazy,Dark,Urban Road,Icy,Guard,42,5
0,Minor,17:15,Thursday,Snowy,Daylight,Village Road,Dry,None,94,4
0,Minor,13:29,Monday,Stormy,Dusk,Village Road,Dry,Guard,52,5
0,Minor,17:54,Monday,Hazy,Dark,National Highway,Icy,Signs,39,3
0,Minor,6:37,Friday,Stormy,Dawn,Urban Road,Under Construction,Signals,44,1
1,Serious,22:53,Tuesday,Rainy,Daylight,State Highway,Wet,None,109,4
1,Minor,9:02,Tuesday,Hazy,Dawn,State Highway,Icy,Signs,71,1
1,Minor,23:18,Friday,Rainy,Dusk,State Highway,Wet,Signals,31,3
1,Minor,3:18,Friday,Hazy,Daylight,Urban Road,Dry,Unknown,51,2
0,Minor,19:19,Saturday,Clear,Dark,State Highway,Wet,Signs,52,2
1,Minor,22:17,Sunday,Foggy,Dusk,Urban Road,Icy,Unknown,93,2
1,Serious,4:30,Thursday,Rainy,Dark,National Highway,Icy,Guard,87,4
1,Minor,19:37,Friday,Hazy,Daylight,National Highway,Icy,Unknown,34,2
0,Minor,6:11,Wednesday,Foggy,Dawn,Urban Road,Icy,Signs,70,4
0,Minor,14:29,Tuesday,Rainy,Dusk,State Highway,Under Construction,Unknown,25,4
0,Minor,8:34,Friday,Snowy,Dusk,Urban Road,Under Construction,None,110,1
1,Fatal,14:46,Wednesday,Hazy,Dark,Urban Road,Under Construction,Signs,88,2
0,Minor,5:53,Wednesday,Snowy,Daylight,Village Road,Icy,Signals,88,5
0,Serious,0:37,Wednesday,Clear,Dark,Urban Road,Under Construction,Unknown,101,2
0,Minor,9:46,Saturday,Hazy,Daylight,Village Road,Wet,None,111,2
0,Minor,17:17,Saturday,Clear,Dusk,National Highway,Icy,Guard,54,2
0,Minor,10:25,Wednesday,Foggy,Daylight,Village Road,Dry,Guard,105,5
0,Minor,14:28,Sunday,Rainy,Dusk,Urban Road,Icy,Unknown,53,5
0,Minor,3:50,Saturday,Stormy,Daylight,National Highway,Wet,Guard,82,4
0,Minor,4:56,Thursday,Clear,Dawn,Village Road,Under Construction,Signals,87,5
1,Minor,5:31,Wednesday,Stormy,Daylight,Urban Road,Icy,Signs,37,4
0,Minor,22:23,Thursday,Stormy,Dawn,National Highway,Under Construction,None,45,1
1,Minor,23:24,Thursday,Rainy,Daylight,Village Road,Icy,Unknown,105,4
0,Minor,18:22,Wednesday,Foggy,Daylight,Urban Road,Wet,Guard,116,2
0,Minor,11:46,Tuesday,Rainy,Dark,Urban Road,Icy,Signs,80,3
1,Serious,13:04,Sunday,Hazy,Dark,State Highway,Under Construction,Signals,97,3
0,Minor,18:56,Wednesday,Clear,Dusk,State Highway,Under Construction,Guard,114,2
0,Serious,22:27,Wednesday,Stormy,Dark,Village Road,Wet,Guard,93,4
0,Minor,17:06,Saturday,Rainy,Daylight,Village Road,Icy,None,107,2
1,Serious,21:36,Wednesday,Rainy,Dark,Village Road,Dry,Signals,104,5
0,Minor,14:30,Tuesday,Rainy,Daylight,Urban Road,Icy,Signals,67,4
1,Serious,3:00,Saturday,Clear,Dawn,Village Road,Wet,Unknown,91,2
0,Minor,4:15,Monday,Foggy,Daylight,Urban Road,Dry,None,115,5
0,Minor,19:44,Monday,Rainy,Dusk,Village Road,Wet,Unknown,50,5
0,Minor,7:55,Thursday,Clear,Dawn,Urban Road,Icy,None,53,4
0,Minor,23:35,Sunday,Stormy,Dusk,Urban Road,Dry,Signals,106,1
0,Minor,23:45,Thursday,Hazy,Dusk,State Highway,Wet,None,108,1
0,Minor,14:37,Tuesday,Snowy,Dusk,National Highway,Under Construction,None,26,5
0,Serious,10:34,Friday,Clear,Dark,Urban Road,Dry,None,102,1
1,Minor,10:25,Sunday,Snowy,Dusk,Village Road,Dry,Signs,26,5
0,Minor,10:59,Monday,Rainy,Dawn,State Highway,Wet,Signs,66,1
0,Minor,22:30,Thursday,Rainy,Daylight,Village Road,Under Construction,Signals,27,5
1,Minor,1:47,Monday,Clear,Dusk,Village Road,Dry,None,97,5
0,Minor,14:28,Tuesday,Snowy,Dawn,Urban Road,Wet,Signals,20,5
0,Minor,22:42,Tuesday,Rainy,Dusk,Urban Road,Dry,Signs,96,5
1,Minor,14:44,Friday,Stormy,Daylight,National Highway,Dry,None,22,3
1,Minor,10:28,Friday,Foggy,Dawn,Urban Road,Dry,Unknown,72,1
0,Minor,14:03,Saturday,Foggy,Dawn,Urban Road,Under Construction,Signs,111,5
1,Minor,2:08,Sunday,Rainy,Daylight,National Highway,Icy,Signs,57,2
0,Minor,17:32,Tuesday,Snowy,Dawn,Village Road,Icy,Signs,70,4
0,Minor,14:40,Thursday,Hazy,Daylight,National Highway,Under Construction,None,34,2
0,Minor,18:43,Monday,Rainy,Dawn,National Highway,Under Construction,Guard,119,2
1,Serious,15:19,Wednesday,Hazy,Dawn,National Highway,Wet,Unknown,86,3
0,Minor,0:50,Friday,Hazy,Daylight,State Highway,Dry,Unknown,83,1
0,Minor,23:53,Wednesday,Snowy,Daylight,Village Road,Under Construction,Signals,87,3
0,Minor,3:58,Thursday,Hazy,Dawn,State Highway,Wet,None,24,1
0,Minor,14:09,Friday,Stormy,Dawn,State Highway,Icy,Signs,109,5
0,Minor,21:44,Wednesday,Snowy,Daylight,Urban Road,Icy,Guard,108,3
0,Minor,6:05,Sunday,Rainy,Dark,National Highway,Icy,None,29,4
0,Minor,1:35,Thursday,Stormy,Daylight,National Highway,Icy,None,27,1
0,Minor,20:40,Monday,Clear,Dawn,State Highway,Wet,Guard,31,3
0,Minor,17:00,Sunday,Foggy,Dawn,Urban Road,Dry,Signs,83,4
0,Minor,13:41,Thursday,Rainy,Dawn,Urban Road,Wet,None,78,2
0,Minor,10:42,Saturday,Rainy,Daylight,Urban Road,Dry,Unknown,86,5
0,Minor,18:19,Friday,Rainy,Dawn,Village Road,Icy,Unknown,110,5
1,Minor,17:07,Tuesday,Stormy,Dark,State Highway,Under Construction,Guard,69,2
0,Minor,11:18,Monday,Clear,Dusk,Village Road,Under Construction,Signs,42,3
0,Minor,11:11,Sunday,Snowy,Dark,Urban Road,Under Construction,Guard,59,2
0,Minor,16:54,Sunday,Clear,Daylight,Urban Road,Dry,None,116,4
0,Minor,0:03,Wednesday,Stormy,Dawn,Urban Road,Icy,Unknown,97,1
0,Minor,6:17,Friday,Rainy,Daylight,National Highway,Wet,Signals,106,3
0,Minor,10:52,Tuesday,Foggy,Dusk,State Highway,Under Construction,Guard,114,1
0,Minor,21:22,Thursday,Rainy,Daylight,National Highway,Dry,Signals,96,2
0,Minor,15:47,Tuesday,Snowy,Dawn,Village Road,Under Construction,Signals,95,5
0,Minor,20:45,Friday,Hazy,Dusk,National Highway,Wet,Unknown,118,1
0,Minor,12:03,Friday,Foggy,Dusk,State Highway,Icy,Guard,37,1
0,Minor,21:36,Saturday,Rainy,Dawn,National Highway,Wet,Signals,40,5
0,Minor,16:35,Saturday,Foggy,Dawn,Urban Road,Icy,None,20,1
0,Minor,14:27,Tuesday,Hazy,Dawn,Village Road,Icy,Signs,57,1
0,Minor,23:16,Thursday,Clear,Daylight,Village Road,Icy,Signs,60,5
0,Minor,2:22,Tuesday,Stormy,Dark,Urban Road,Under Construction,Unknown,61,5
0,Minor,5:04,Friday,Rainy,Daylight,Urban Road,Wet,Guard,28,2
1,Minor,20:54,Friday,Snowy,Daylight,Urban Road,Under Construction,Guard,42,2
0,Fatal,10:17,Wednesday,Clear,Dark,State Highway,Wet,Signs,97,1
0,Minor,11:21,Saturday,Rainy,Dawn,National Highway,Dry,None,30,3
1,Minor,3:38,Wednesday,Clear,Dawn,Village Road,Dry,Signs,90,2
1,Serious,0:54,Monday,Snowy,Dark,National Highway,Wet,Signs,50,2
0,Serious,22:44,Friday,Rainy,Dark,Urban Road,Wet,Guard,107,3
0,Minor,18:56,Wednesday,Hazy,Daylight,Urban Road,Wet,Signals,45,3
1,Minor,10:39,Tuesday,Hazy,Dusk,National Highway,Wet,None,49,5
1,Minor,15:16,Saturday,Snowy,Dark,Village Road,Icy,Guard,53,2
0,Minor,13:24,Saturday,Foggy,Daylight,State Highway,Under Construction,Signs,65,4
0,Minor,20:09,Thursday,Snowy,Dusk,National Highway,Icy,Signals,88,4
0,Minor,10:02,Tuesday,Foggy,Dawn,Urban Road,Under Construction,None,24,1
0,Minor,4:21,Thursday,Rainy,Dawn,Urban Road,Under Construction,Unknown,80,2
0,Minor,7:55,Wednesday,Foggy,Daylight,State Highway,Under Construction,None,102,4
0,Minor,22:02,Sunday,Rainy,Daylight,National Highway,Icy,None,57,2
0,Minor,16:00,Monday,Rainy,Dark,State Highway,Wet,Signs,47,2
1,Minor,10:39,Tuesday,Stormy,Dawn,State Highway,Icy,Signs,45,4
0,Minor,4:55,Tuesday,Rainy,Daylight,Village Road,Icy,Unknown,80,2
0,Minor,12:43,Tuesday,Foggy,Dawn,Village Road,Under Construction,Unknown,42,3
1,Minor,20:13,Thursday,Stormy,Dawn,Urban Road,Dry,Unknown,65,1
1,Minor,1:30,Wednesday,Stormy,Dark,National Highway,Dry,Guard,49,5
0,Minor,17:16,Tuesday,Rainy,Dusk,Village Road,Icy,Guard,86,4
0,Serious,15:53,Sunday,Snowy,Dark,Urban Road,Under Construction,Signs,111,5
0,Minor,6:16,Tuesday,Snowy,Daylight,National Highway,Icy,Signs,52,1
0,Minor,19:50,Saturday,Hazy,Dark,Urban Road,Icy,Unknown,22,3
0,Serious,19:18,Monday,Stormy,Dark,Village Road,Wet,Guard,88,3
0,Minor,11:11,Saturday,Rainy,Dawn,Urban Road,Under Construction,Signals,102,3
0,Minor,4:53,Saturday,Snowy,Dark,National Highway,Dry,Guard,61,3
0,Minor,16:00,Monday,Rainy,Daylight,National Highway,Dry,Signs,81,4
0,Minor,7:46,Sunday,Rainy,Dusk,Urban Road,Dry,Guard,77,4
0,Minor,19:03,Wednesday,Stormy,Dark,National Highway,Icy,Signs,76,2
0,Minor,21:42,Saturday,Hazy,Dark,Urban Road,Under Construction,Unknown,20,2
0,Minor,13:23,Wednesday,Stormy,Dusk,National Highway,Wet,Unknown,92,1
0,Minor,3:57,Saturday,Clear,Daylight,Urban Road,Dry,Unknown,79,2
1,Minor,16:19,Friday,Snowy,Daylight,Urban Road,Under Construction,Signals,88,1
0,Minor,16:53,Monday,Snowy,Dark,Urban Road,Dry,Signals,78,1
0,Minor,12:24,Saturday,Snowy,Dawn,State Highway,Wet,Signs,65,1
1,Minor,6:41,Friday,Foggy,Dark,National Highway,Under Construction,None,53,3
0,Minor,4:59,Thursday,Rainy,Dusk,Village Road,Icy,Signals,116,5
0,Minor,2:00,Friday,Stormy,Dusk,Urban Road,Icy,Signs,44,5
0,Minor,17:54,Tuesday,Snowy,Dusk,State Highway,Dry,Guard,61,4
0,Minor,17:12,Saturday,Clear,Dark,Village Road,Dry,Unknown,48,1
1,Minor,12:11,Friday,Snowy,Dark,Urban Road,Under Construction,Unknown,44,3
0,Minor,9:16,Wednesday,Hazy,Daylight,Village Road,Wet,Unknown,73,2
0,Minor,3:21,Thursday,Rainy,Dawn,State Highway,Dry,Signs,92,2
0,Fatal,18:28,Sunday,Rainy,Dark,Village Road,Under Construction,Unknown,86,4
0,Minor,20:47,Saturday,Stormy,Daylight,Urban Road,Wet,Signals,34,4
0,Minor,5:43,Tuesday,Foggy,Dark,Village Road,Dry,Guard,23,1
0,Minor,23:40,Sunday,Stormy,Daylight,Village Road,Dry,Unknown,57,1
0,Minor,16:22,Friday,Snowy,Daylight,Urban Road,Under Construction,Signs,39,2
1,Minor,18:28,Sunday,Hazy,Dawn,State Highway,Dry,Guard,42,2
0,Minor,17:31,Sunday,Clear,Dark,State Highway,Icy,Unknown,56,2
0,Minor,2:23,Thursday,Stormy,Daylight,Village Road,Wet,None,81,2
0,Minor,22:54,Sunday,Foggy,Dusk,National Highway,Wet,Unknown,27,5
0,Minor,19:07,Sunday,Stormy,Dusk,Village Road,Icy,Signals,56,1
0,Minor,5:27,Saturday,Rainy,Dusk,National Highway,Under Construction,Guard,64,1
0,Minor,17:30,Thursday,Snowy,Dawn,Village Road,Icy,Signals,116,2
0,Minor,6:50,Tuesday,Snowy,Daylight,State Highway,Icy,None,52,3
0,Minor,0:54,Friday,Snowy,Dawn,Village Road,Wet,None,26,2
0,Minor,2:49,Thursday,Snowy,Dark,Village Road,Under Construction,Signals,41,4
1,Minor,14:04,Thursday,Snowy,Dark,National Highway,Dry,Guard,24,3
0,Minor,17:40,Monday,Snowy,Daylight,State Highway,Icy,None,34,4
0,Minor,9:51,Thursday,Clear,Dusk,National Highway,Icy,None,40,3
0,Minor,3:46,Monday,Foggy,Daylight,Village Road,Under Construction,Unknown,108,4
1,Minor,6:52,Friday,Snowy,Daylight,Urban Road,Icy,Signs,36,2
0,Minor,9:22,Sunday,Foggy,Daylight,Village Road,Under Construction,None,75,2
0,Minor,23:26,Saturday,Hazy,Dawn,Village Road,Dry,Guard,69,3
1,Minor,22:55,Saturday,Snowy,Dark,National Highway,Under Construction,Guard,26,4
1,Minor,0:43,Friday,Stormy,Daylight,Urban Road,Dry,Unknown,69,5
1,Minor,15:40,Friday,Snowy,Daylight,Urban Road,Under Construction,Guard,79,3
0,Minor,11:13,Wednesday,Rainy,Daylight,National Highway,Icy,Unknown,102,3
0,Minor,13:41,Sunday,Clear,Dawn,State Highway,Dry,None,26,1
0,Minor,23:11,Friday,Stormy,Dawn,Urban Road,Icy,None,59,3
1,Minor,17:13,Thursday,Stormy,Dawn,Urban Road,Dry,None,64,5
0,Minor,6:21,Saturday,Rainy,Daylight,National Highway,Under Construction,None,78,2
0,Minor,9:25,Tuesday,Snowy,Dusk,State Highway,Under Construction,Signs,107,4
0,Minor,3:39,Saturday,Clear,Dusk,State Highway,Under Construction,Signs,94,1
1,Minor,1:41,Monday,Stormy,Dusk,Village Road,Wet,None,74,4
0,Serious,17:20,Saturday,Clear,Dark,Village Road,Wet,Guard,83,2
0,Minor,19:05,Wednesday,Stormy,Daylight,National Highway,Dry,Unknown,84,3
0,Minor,8:13,Sunday,Snowy,Dusk,State Highway,Wet,Signals,73,5
0,Minor,20:33,Friday,Hazy,Dusk,National Highway,Under Construction,Unknown,115,1
0,Minor,6:05,Sunday,Stormy,Dusk,Village Road,Wet,Signals,59,5
0,Minor,1:35,Friday,Hazy,Daylight,National Highway,Wet,Signals,72,5
0,Minor,15:41,Saturday,Stormy,Dusk,National Highway,Icy,None,63,5
0,Minor,4:58,Tuesday,Foggy,Dusk,Urban Road,Dry,Signals,82,5
0,Minor,16:12,Tuesday,Snowy,Daylight,Urban Road,Dry,None,21,2
0,Serious,11:07,Wednesday,Rainy,Dark,Urban Road,Dry,Signs,98,5
0,Minor,3:31,Monday,Hazy,Dawn,Village Road,Wet,Guard,40,5
0,Minor,20:53,Saturday,Rainy,Dusk,National Highway,Under Construction,Signals,107,2
0,Minor,0:33,Friday,Snowy,Dawn,Urban Road,Icy,Guard,69,4
0,Fatal,14:09,Saturday,Rainy,Dark,Urban Road,Dry,None,100,2
0,Minor,8:30,Wednesday,Snowy,Dark,Urban Road,Wet,Signals,71,3
0,Minor,15:03,Thursday,Rainy,Dusk,Village Road,Under Construction,Unknown,28,2
1,Minor,15:30,Thursday,Hazy,Daylight,Village Road,Icy,Signs,118,4
0,Minor,16:58,Wednesday,Foggy,Dark,National Highway,Icy,Signs,39,3
1,Minor,1:23,Friday,Rainy,Dawn,National Highway,Dry,Signals,102,3
0,Minor,4:08,Sunday,Hazy,Dawn,National Highway,Dry,Signs,37,1
0,Minor,9:21,Wednesday,Stormy,Dawn,Urban Road,Under Construction,Unknown,103,5
1,Minor,4:00,Friday,Snowy,Dawn,State Highway,Wet,Guard,49,3
0,Serious,15:48,Tuesday,Clear,Dark,Village Road,Under Construction,Unknown,84,3
0,Minor,19:42,Wednesday,Clear,Dusk,Urban Road,Dry,Signs,43,4
0,Minor,0:06,Friday,Snowy,Dusk,Urban Road,Under Construction,Guard,107,3
0,Minor,3:28,Wednesday,Foggy,Dawn,National Highway,Wet,Unknown,66,4
1,Minor,1:09,Wednesday,Rainy,Dusk,National Highway,Icy,None,102,5
1,Minor,13:59,Sunday,Foggy,Dawn,Urban Road,Icy,None,113,1
1,Minor,9:43,Sunday,Clear,Dawn,Village Road,Icy,Guard,109,1
0,Minor,19:26,Friday,Hazy,Daylight,Village Road,Icy,Guard,63,5
1,Minor,12:27,Friday,Snowy,Dark,Urban Road,Dry,Guard,48,5
1,Serious,15:56,Monday,Snowy,Dark,State Highway,Dry,None,96,2
0,Minor,13:19,Wednesday,Foggy,Dawn,State Highway,Wet,Unknown,87,3
0,Minor,6:31,Thursday,Hazy,Dark,Village Road,Wet,Guard,36,3
1,Serious,3:04,Wednesday,Foggy,Dusk,National Highway,Wet,None,116,3
0,Minor,7:08,Wednesday,Rainy,Dawn,State Highway,Wet,Guard,24,4
1,Minor,8:48,Friday,Stormy,Daylight,State Highway,Under Construction,Guard,111,2
0,Minor,0:40,Wednesday,Hazy,Dusk,National Highway,Wet,Guard,107,3
1,Minor,17:46,Saturday,Stormy,Daylight,State Highway,Icy,None,100,4
0,Minor,5:11,Wednesday,Rainy,Daylight,Urban Road,Icy,Unknown,69,4
0,Minor,10:10,Saturday,Stormy,Dark,State Highway,Icy,None,59,1
0,Minor,2:17,Sunday,Clear,Dark,National Highway,Under Construction,None,65,4
1,Minor,16:18,Thursday,Stormy,Dawn,Urban Road,Wet,Guard,70,5
0,Minor,13:40,Friday,Rainy,Dark,State Highway,Icy,Signals,30,4
0,Minor,5:43,Wednesday,Stormy,Daylight,Village Road,Icy,Signals,31,5
0,Minor,17:22,Saturday,Snowy,Daylight,Urban Road,Icy,Signals,32,5
1,Minor,19:47,Saturday,Foggy,Dusk,Urban Road,Icy,None,83,1
0,Minor,20:38,Sunday,Clear,Daylight,Village Road,Dry,Guard,27,1
1,Fatal,14:18,Saturday,Snowy,Dawn,Village Road,Wet,Signals,84,4
0,Minor,6:58,Tuesday,Snowy,Dawn,State Highway,Wet,Signs,28,1
0,Fatal,19:04,Monday,Rainy,Dark,State Highway,Under Construction,Signs,111,1
0,Minor,2:35,Thursday,Foggy,Dark,National Highway,Dry,Signs,21,3
0,Serious,21:08,Sunday,Foggy,Dark,National Highway,Under Construction,Unknown,97,4
1,Minor,8:30,Sunday,Hazy,Dawn,Urban Road,Icy,Guard,32,4
0,Minor,22:56,Wednesday,Clear,Daylight,Village Road,Under Construction,None,21,4
0,Serious,18:51,Tuesday,Rainy,Dark,Village Road,Icy,None,87,1
1,Minor,21:02,Wednesday,Clear,Dusk,National Highway,Icy,Guard,95,1
0,Minor,22:36,Wednesday,Hazy,Dark,Urban Road,Wet,Unknown,67,5
0,Minor,5:00,Friday,Stormy,Dawn,Urban Road,Wet,Guard,93,2
1,Fatal,17:03,Friday,Snowy,Dark,National Highway,Wet,Unknown,22,2
0,Minor,2:12,Friday,Clear,Daylight,National Highway,Wet,Signals,87,2
0,Minor,9:59,Tuesday,Snowy,Dark,National Highway,Wet,Signals,25,3
1,Minor,9:35,Wednesday,Rainy,Dawn,State Highway,Dry,Unknown,106,1
0,Minor,4:46,Monday,Stormy,Dawn,Urban Road,Wet,Guard,24,5
0,Minor,13:56,Thursday,Rainy,Dusk,Urban Road,Under Construction,Signals,22,5
0,Minor,3:48,Friday,Stormy,Dawn,Urban Road,Icy,Guard,29,2
1,Minor,4:41,Friday,Stormy,Dusk,National Highway,Wet,Signals,62,3
0,Minor,9:46,Sunday,Snowy,Daylight,National Highway,Dry,Guard,38,3
0,Minor,13:14,Wednesday,Rainy,Dawn,National Highway,Under Construction,Guard,33,2
1,Minor,23:48,Wednesday,Rainy,Dark,National Highway,Under Construction,Signs,40,2
1,Minor,12:19,Tuesday,Clear,Daylight,Village Road,Icy,Unknown,62,1
0,Minor,22:37,Tuesday,Rainy,Dark,National Highway,Under Construction,None,47,3
0,Minor,19:37,Friday,Clear,Dark,State Highway,Under Construction,Unknown,40,5
0,Minor,23:08,Wednesday,Foggy,Dark,Village Road,Under Construction,Guard,55,2
1,Minor,6:47,Monday,Foggy,Daylight,Village Road,Under Construction,Guard,43,1
0,Minor,4:46,Thursday,Foggy,Daylight,National Highway,Dry,Unknown,73,5
0,Minor,2:13,Wednesday,Hazy,Dawn,Urban Road,Icy,Guard,57,3
1,Serious,17:28,Sunday,Rainy,Dark,National Highway,Wet,Signals,36,2
1,Minor,21:24,Wednesday,Hazy,Dusk,Urban Road,Under Construction,Guard,41,2
0,Minor,19:00,Saturday,Rainy,Dawn,National Highway,Dry,Unknown,102,1
1,Minor,6:57,Tuesday,Clear,Daylight,National Highway,Icy,Unknown,64,1
0,Minor,7:01,Sunday,Hazy,Dusk,Urban Road,Wet,Unknown,93,3
1,Minor,4:10,Thursday,Hazy,Daylight,Urban Road,Icy,Signs,80,2
0,Minor,15:33,Friday,Hazy,Dusk,Urban Road,Dry,Signs,30,1
0,Minor,1:26,Sunday,Stormy,Dawn,Urban Road,Dry,Signs,80,2
1,Minor,7:05,Wednesday,Clear,Dusk,State Highway,Dry,Signs,57,3
0,Minor,0:59,Friday,Foggy,Dawn,Urban Road,Under Construction,Signs,85,2
0,Minor,1:31,Wednesday,Clear,Daylight,National Highway,Dry,Signs,52,5
1,Minor,6:18,Friday,Stormy,Dusk,National Highway,Wet,Signs,62,2
1,Minor,12:43,Thursday,Rainy,Dark,State Highway,Under Construction,Unknown,50,4
0,Minor,11:28,Tuesday,Clear,Dark,Urban Road,Icy,None,54,4
0,Minor,5:36,Thursday,Hazy,Daylight,National Highway,Wet,Signs,56,3
0,Minor,14:16,Saturday,Foggy,Dusk,State Highway,Under Construction,Unknown,66,3
0,Fatal,11:54,Monday,Foggy,Dark,National Highway,Dry,None,119,3
0,Minor,11:25,Tuesday,Rainy,Dawn,State Highway,Icy,Signs,42,5
0,Minor,8:14,Thursday,Clear,Dusk,State Highway,Dry,None,55,5
1,Minor,12:02,Saturday,Stormy,Dusk,Village Road,Wet,None,59,2
0,Serious,22:08,Monday,Rainy,Dark,Village Road,Wet,Signals,109,1
0,Minor,8:01,Saturday,Clear,Dawn,Urban Road,Under Construction,Guard,108,4
0,Minor,8:05,Wednesday,Snowy,Dawn,Village Road,Wet,Signals,100,4
1,Minor,0:00,Wednesday,Foggy,Dawn,State Highway,Icy,None,34,4
0,Minor,3:02,Friday,Stormy,Dusk,National Highway,Under Construction,Unknown,56,2
0,Minor,19:39,Tuesday,Hazy,Daylight,National Highway,Icy,Signs,23,2
0,Minor,18:15,Wednesday,Stormy,Dusk,Urban Road,Dry,Guard,41,3
0,Minor,14:31,Sunday,Hazy,Dusk,Village Road,Icy,Signs,100,1
0,Minor,21:03,Saturday,Stormy,Dark,Urban Road,Icy,Unknown,41,3
1,Serious,3:41,Tuesday,Foggy,Daylight,State Highway,Wet,Guard,100,2
1,Minor,14:59,Sunday,Hazy,Dawn,Village Road,Dry,Signals,97,5
0,Serious,0:01,Wednesday,Clear,Dark,Urban Road,Wet,None,97,3
0,Minor,19:17,Friday,Hazy,Dusk,National Highway,Dry,Unknown,36,2
1,Minor,6:47,Thursday,Rainy,Daylight,National Highway,Dry,None,91,2
1,Minor,22:14,Friday,Clear,Dawn,Urban Road,Icy,None,117,5
0,Minor,22:56,Sunday,Rainy,Dawn,Urban Road,Wet,Signs,109,5
0,Minor,16:25,Monday,Stormy,Dusk,Urban Road,Icy,Unknown,113,5
0,Minor,11:54,Wednesday,Clear,Dawn,State Highway,Icy,None,105,1
0,Minor,19:18,Sunday,Stormy,Dawn,State Highway,Icy,Signals,99,2
1,Minor,8:51,Monday,Snowy,Daylight,National Highway,Dry,Guard,113,5
1,Serious,13:10,Monday,Stormy,Dark,State Highway,Wet,Unknown,99,1
1,Minor,18:06,Saturday,Stormy,Daylight,State Highway,Wet,Signs,57,4
0,Minor,9:06,Tuesday,Rainy,Dark,Village Road,Icy,Unknown,43,4
0,Serious,4:02,Saturday,Hazy,Dark,State Highway,Dry,Signs,119,4
1,Fatal,13:34,Wednesday,Snowy,Dark,Village Road,Wet,Guard,118,2
1,Minor,3:27,Monday,Stormy,Dawn,State Highway,Under Construction,Signals,25,1
0,Minor,17:19,Sunday,Stormy,Daylight,National Highway,Wet,None,87,1
1,Minor,2:30,Thursday,Snowy,Dawn,Urban Road,Icy,Unknown,101,4
1,Minor,7:32,Monday,Snowy,Dusk,National Highway,Under Construction,Signs,25,3
0,Minor,14:55,Sunday,Clear,Daylight,State Highway,Dry,Guard,45,4
0,Serious,21:27,Thursday,Rainy,Dark,Urban Road,Under Construction,None,110,2
0,Minor,6:26,Saturday,Snowy,Dawn,Urban Road,Under Construction,Guard,60,4
0,Minor,17:16,Saturday,Snowy,Dawn,Urban Road,Icy,Signals,94,4
0,Minor,14:34,Tuesday,Foggy,Daylight,Village Road,Wet,None,57,1
1,Minor,20:19,Sunday,Hazy,Daylight,National Highway,Dry,None,99,4
0,Fatal,22:25,Monday,Snowy,Dark,Village Road,Under Construction,None,102,5
0,Minor,22:08,Friday,Rainy,Dark,Urban Road,Icy,Signs,62,5
0,Minor,8:59,Saturday,Hazy,Dusk,National Highway,Wet,None,72,3
0,Minor,22:05,Saturday,Hazy,Dark,National Highway,Under Construction,Guard,34,2
1,Minor,3:31,Tuesday,Stormy,Dawn,State Highway,Icy,Signs,109,2
0,Minor,10:08,Thursday,Stormy,Dusk,Village Road,Icy,None,75,1
0,Minor,11:34,Tuesday,Stormy,Dusk,Village Road,Icy,Guard,75,2
1,Minor,1:58,Monday,Stormy,Dusk,State Highway,Dry,Guard,50,3
0,Minor,0:31,Sunday,Foggy,Daylight,Village Road,Wet,Unknown,102,5
0,Minor,10:13,Wednesday,Snowy,Dark,Urban Road,Under Construction,Guard,76,1
0,Minor,9:19,Wednesday,Stormy,Dusk,Urban Road,Wet,Signals,70,5
0,Minor,18:59,Sunday,Clear,Daylight,Village Road,Wet,None,43,3
0,Minor,14:55,Thursday,Stormy,Daylight,State Highway,Under Construction,None,77,1
0,Minor,7:48,Saturday,Snowy,Dusk,National Highway,Wet,None,92,4
0,Minor,20:53,Thursday,Stormy,Dusk,Village Road,Dry,Guard,106,2
1,Minor,4:15,Saturday,Foggy,Dawn,National Highway,Under Construction,Guard,23,3
0,Minor,19:00,Saturday,Rainy,Dusk,State Highway,Under Construction,None,29,1
0,Minor,2:55,Wednesday,Rainy,Dawn,National Highway,Icy,Signs,82,5
0,Minor,12:22,Thursday,Snowy,Dusk,State Highway,Wet,Signs,92,1
0,Minor,8:13,Tuesday,Rainy,Dusk,State Highway,Under Construction,Signals,102,4
0,Minor,11:41,Saturday,Rainy,Dark,Urban Road,Under Construction,Unknown,34,3
0,Minor,23:20,Friday,Clear,Dusk,Urban Road,Dry,Signals,117,1
1,Minor,19:48,Friday,Snowy,Dusk,State Highway,Icy,None,82,3
0,Minor,8:44,Tuesday,Snowy,Dawn,Village Road,Under Construction,None,38,3
0,Minor,15:11,Friday,Rainy,Dawn,Urban Road,Dry,None,82,5
0,Minor,2:55,Monday,Rainy,Dark,State Highway,Under Construction,Unknown,75,2
1,Minor,8:45,Saturday,Rainy,Dusk,National Highway,Under Construction,Guard,40,4
0,Minor,2:50,Tuesday,Hazy,Dusk,National Highway,Under Construction,Unknown,53,1
0,Minor,3:23,Thursday,Foggy,Dawn,Village Road,Dry,Signals,36,2
0,Minor,10:48,Saturday,Stormy,Daylight,National Highway,Wet,Guard,37,5
1,Minor,0:12,Tuesday,Foggy,Daylight,National Highway,Under Construction,Guard,100,2
0,Minor,13:12,Wednesday,Snowy,Daylight,State Highway,Under Construction,Signals,85,3
1,Minor,19:35,Thursday,Clear,Dawn,National Highway,Wet,Guard,70,3
0,Minor,0:55,Wednesday,Stormy,Dawn,National Highway,Under Construction,Signs,84,4
0,Minor,11:02,Saturday,Clear,Daylight,National Highway,Icy,Signals,62,1
0,Minor,15:24,Thursday,Hazy,Daylight,National Highway,Under Construction,Signals,76,1
0,Minor,6:19,Friday,Snowy,Dusk,State Highway,Icy,Signs,29,5
0,Minor,8:08,Tuesday,Hazy,Dawn,National Highway,Wet,Unknown,56,4
0,Minor,1:27,Saturday,Snowy,Dawn,Village Road,Dry,Unknown,67,1
1,Serious,1:15,Monday,Clear,Daylight,Urban Road,Wet,Unknown,88,3
0,Minor,11:52,Thursday,Clear,Daylight,Village Road,Under Construction,Guard,75,4
0,Serious,17:48,Thursday,Clear,Dark,Urban Road,Icy,Signs,95,2
0,Minor,2:08,Sunday,Snowy,Dawn,Village Road,Dry,Signals,55,4
0,Minor,17:26,Saturday,Rainy,Dark,Urban Road,Under Construction,Signals,50,4
0,Minor,17:06,Saturday,Clear,Dusk,Urban Road,Dry,Signals,74,1
0,Minor,19:47,Wednesday,Hazy,Dark,Urban Road,Dry,Guard,57,5
0,Minor,18:26,Sunday,Stormy,Daylight,Urban Road,Under Construction,Guard,92,5
1,Fatal,8:40,Friday,Snowy,Dawn,State Highway,Wet,Unknown,109,1
1,Minor,18:27,Wednesday,Hazy,Dawn,Village Road,Under Construction,Guard,34,1
0,Minor,21:06,Sunday,Foggy,Dark,Urban Road,Under Construction,Unknown,35,1
0,Serious,2:27,Wednesday,Foggy,Dark,Village Road,Wet,Unknown,96,5
0,Minor,5:18,Friday,Stormy,Dusk,National Highway,Icy,Signals,108,1
0,Minor,23:42,Sunday,Rainy,Dusk,Urban Road,Under Construction,Guard,113,2
0,Minor,4:41,Sunday,Clear,Daylight,Village Road,Dry,Unknown,72,2
0,Minor,11:12,Monday,Snowy,Daylight,State Highway,Under Construction,Signs,75,3
1,Minor,2:07,Wednesday,Hazy,Daylight,Village Road,Under Construction,Signs,26,2
0,Minor,12:24,Wednesday,Clear,Dark,Urban Road,Dry,Guard,76,4
0,Minor,21:19,Thursday,Hazy,Dark,National Highway,Wet,Signals,74,3
0,Minor,16:32,Friday,Snowy,Dawn,Village Road,Icy,Signals,71,2
0,Minor,1:37,Tuesday,Foggy,Daylight,National Highway,Icy,Unknown,23,4
0,Minor,7:45,Monday,Clear,Dark,State Highway,Dry,Guard,62,2
0,Minor,22:19,Sunday,Stormy,Dawn,Village Road,Wet,Signs,59,4
0,Minor,5:57,Sunday,Rainy,Daylight,Village Road,Under Construction,Unknown,49,1
1,Minor,20:29,Sunday,Stormy,Dusk,State Highway,Under Construction,Unknown,29,4
0,Minor,3:52,Monday,Rainy,Dusk,State Highway,Under Construction,None,113,1
0,Minor,5:51,Sunday,Hazy,Dark,State Highway,Under Construction,Guard,26,4
0,Minor,19:15,Sunday,Clear,Dawn,Urban Road,Under Construction,Unknown,55,4
0,Minor,14:40,Friday,Clear,Dusk,Urban Road,Dry,Signs,54,2
0,Minor,4:09,Saturday,Rainy,Dawn,Village Road,Under Construction,None,107,4
1,Minor,10:19,Saturday,Foggy,Dawn,Village Road,Under Construction,Signs,58,2
1,Minor,22:31,Thursday,Snowy,Dusk,Village Road,Wet,Signals,55,4
1,Minor,7:40,Thursday,Stormy,Dawn,National Highway,Under Construction,None,39,5
0,Minor,9:42,Sunday,Hazy,Dusk,State Highway,Icy,None,68,3
0,Serious,2:34,Friday,Stormy,Dark,Village Road,Dry,Unknown,115,2
0,Minor,13:09,Sunday,Stormy,Daylight,State Highway,Dry,Signals,78,2
0,Minor,16:50,Thursday,Hazy,Daylight,Urban Road,Dry,Unknown,68,1
1,Serious,1:20,Monday,Hazy,Dark,State Highway,Icy,Guard,109,5
0,Minor,9:15,Monday,Clear,Dusk,National Highway,Under Construction,Signs,45,1
0,Minor,23:06,Tuesday,Stormy,Dusk,National Highway,Dry,Signs,55,5
0,Minor,2:04,Saturday,Snowy,Dusk,State Highway,Icy,Unknown,62,5
0,Minor,15:12,Friday,Snowy,Dusk,National Highway,Wet,Signs,118,4
0,Minor,1:50,Wednesday,Rainy,Dark,National Highway,Under Construction,Signs,62,1
0,Minor,15:55,Saturday,Hazy,Daylight,Urban Road,Icy,Guard,118,3
0,Minor,11:48,Wednesday,Clear,Dawn,Village Road,Under Construction,Signals,95,5
1,Minor,1:35,Tuesday,Snowy,Dawn,National Highway,Wet,None,52,5
1,Minor,0:02,Tuesday,Foggy,Daylight,Village Road,Icy,Unknown,119,2
0,Serious,17:36,Sunday,Clear,Dark,State Highway,Under Construction,Unknown,97,4
0,Minor,10:47,Thursday,Clear,Dawn,State Highway,Icy,Guard,116,3
0,Minor,14:53,Tuesday,Snowy,Daylight,National Highway,Dry,Guard,64,5
0,Minor,2:15,Tuesday,Foggy,Dark,State Highway,Under Construction,None,64,2
0,Minor,6:04,Wednesday,Rainy,Dawn,Urban Road,Icy,Signals,107,1
0,Minor,15:05,Thursday,Snowy,Dusk,National Highway,Dry,Unknown,34,5
0,Minor,14:15,Tuesday,Foggy,Dusk,National Highway,Wet,Guard,114,2
0,Minor,9:19,Saturday,Clear,Dark,National Highway,Under Construction,Unknown,36,1
0,Minor,14:48,Tuesday,Foggy,Dusk,State Highway,Under Construction,Signs,31,4
0,Minor,11:06,Thursday,Clear,Dark,State Highway,Wet,Unknown,41,1
1,Minor,0:03,Sunday,Snowy,Daylight,National Highway,Dry,Signals,42,5
1,Serious,12:44,Friday,Hazy,Daylight,Village Road,Wet,Signals,109,3
0,Minor,15:59,Thursday,Snowy,Dawn,State Highway,Under Construction,Unknown,97,1
1,Minor,4:49,Wednesday,Stormy,Dark,State Highway,Icy,Signs,31,3
0,Minor,22:51,Friday,Stormy,Dawn,National Highway,Dry,Signals,87,3
1,Minor,0:37,Saturday,Stormy,Dawn,Village Road,Dry,Guard,70,1
1,Minor,2:57,Monday,Snowy,Daylight,National Highway,Dry,Unknown,32,4
0,Minor,18:58,Thursday,Rainy,Dawn,State Highway,Wet,Signs,76,1
0,Minor,16:08,Sunday,Snowy,Dusk,National Highway,Wet,Guard,74,2
0,Minor,7:11,Wednesday,Hazy,Dawn,National Highway,Icy,Unknown,101,3
0,Minor,7:18,Saturday,Foggy,Dark,National Highway,Icy,Signs,47,5
0,Minor,23:53,Friday,Snowy,Dusk,Village Road,Dry,Guard,63,3
0,Minor,9:51,Saturday,Snowy,Daylight,National Highway,Icy,Signals,38,5
0,Minor,14:40,Thursday,Clear,Dark,State Highway,Wet,Unknown,65,2
1,Minor,22:45,Tuesday,Clear,Dusk,National Highway,Icy,Unknown,22,2
1,Fatal,2:17,Sunday,Clear,Dark,Village Road,Wet,Signals,102,2
0,Minor,0:28,Thursday,Snowy,Dusk,Urban Road,Icy,None,39,1
0,Minor,5:15,Monday,Rainy,Dark,Village Road,Under Construction,Guard,44,3
0,Fatal,9:30,Thursday,Foggy,Dark,National Highway,Wet,Signals,94,5
0,Minor,7:28,Friday,Foggy,Dusk,Urban Road,Under Construction,Unknown,75,2
1,Serious,18:11,Friday,Hazy,Daylight,National Highway,Wet,Guard,100,2
0,Minor,7:28,Thursday,Rainy,Daylight,Village Road,Icy,Guard,80,5
0,Minor,3:18,Friday,Rainy,Dark,Urban Road,Under Construction,None,74,3
0,Minor,19:42,Tuesday,Foggy,Dark,Urban Road,Icy,Unknown,54,3
0,Minor,13:54,Saturday,Stormy,Daylight,National Highway,Wet,Signs,97,5
0,Minor,16:14,Thursday,Clear,Daylight,National Highway,Under Construction,None,78,4
1,Minor,16:00,Sunday,Clear,Dawn,Village Road,Dry,None,58,3
0,Minor,21:27,Tuesday,Foggy,Daylight,National Highway,Icy,Signs,76,5
0,Serious,7:29,Saturday,Rainy,Dark,Urban Road,Wet,Signs,102,5
0,Minor,10:58,Sunday,Hazy,Dusk,State Highway,Under Construction,None,86,2
1,Minor,11:44,Sunday,Stormy,Daylight,State Highway,Icy,Guard,53,5
1,Minor,23:58,Sunday,Foggy,Dawn,Village Road,Under Construction,Signals,60,1
0,Minor,21:37,Saturday,Clear,Dawn,National Highway,Icy,Signals,41,2
0,Minor,7:19,Tuesday,Snowy,Dawn,Village Road,Icy,None,46,2
0,Minor,15:55,Sunday,Rainy,Dusk,State Highway,Icy,Guard,40,3
0,Minor,4:55,Sunday,Snowy,Daylight,State Highway,Under Construction,Signs,60,4
1,Minor,3:51,Wednesday,Hazy,Daylight,National Highway,Under Construction,None,50,3
0,Minor,2:01,Thursday,Foggy,Daylight,Urban Road,Icy,Unknown,46,1
0,Minor,19:30,Saturday,Clear,Dusk,National Highway,Dry,Guard,56,2
0,Minor,5:16,Saturday,Stormy,Dusk,State Highway,Dry,Unknown,85,2
0,Minor,12:57,Friday,Snowy,Dark,Urban Road,Dry,Unknown,73,5
0,Minor,9:08,Saturday,Stormy,Dawn,Village Road,Wet,None,28,4
1,Minor,6:08,Tuesday,Hazy,Dawn,State Highway,Dry,Guard,102,4
0,Minor,18:04,Saturday,Clear,Daylight,Village Road,Under Construction,Unknown,61,5
0,Minor,14:58,Wednesday,Snowy,Dusk,Urban Road,Dry,Guard,55,1
0,Minor,10:39,Thursday,Hazy,Dusk,Village Road,Under Construction,Signals,29,4
0,Minor,3:26,Thursday,Stormy,Daylight,State Highway,Wet,Unknown,78,2
0,Minor,16:11,Saturday,Stormy,Daylight,National Highway,Under Construction,Unknown,59,1
0,Minor,1:36,Sunday,Snowy,Dark,Village Road,Under Construction,Guard,73,3
1,Minor,6:37,Monday,Clear,Dawn,State Highway,Under Construction,Signals,58,3
0,Minor,4:22,Monday,Stormy,Dawn,State Highway,Dry,Unknown,26,1
0,Minor,1:36,Sunday,Foggy,Dawn,Urban Road,Icy,None,23,2
0,Minor,23:21,Sunday,Hazy,Dark,State Highway,Under Construction,Guard,34,3
0,Minor,17:13,Sunday,Snowy,Daylight,National Highway,Dry,Guard,95,2
1,Minor,14:52,Tuesday,Rainy,Daylight,National Highway,Dry,Unknown,67,5
1,Minor,12:57,Monday,Rainy,Dawn,Village Road,Dry,Signals,25,4
0,Minor,19:49,Sunday,Clear,Dawn,Village Road,Icy,Unknown,92,1
0,Minor,21:22,Tuesday,Foggy,Dark,Village Road,Icy,Signs,54,4
0,Minor,13:31,Friday,Stormy,Dusk,Village Road,Icy,Unknown,91,5
0,Minor,9:23,Tuesday,Rainy,Dusk,National Highway,Icy,Signs,90,3
0,Minor,2:08,Monday,Clear,Dawn,Urban Road,Wet,None,87,2
0,Minor,13:55,Saturday,Hazy,Dark,Village Road,Icy,Guard,77,2
0,Minor,2:16,Friday,Foggy,Dawn,Urban Road,Icy,Guard,96,5
0,Minor,20:28,Monday,Foggy,Dusk,State Highway,Icy,Signals,38,1
1,Minor,12:04,Tuesday,Clear,Dawn,State Highway,Under Construction,Unknown,81,4
0,Minor,13:50,Wednesday,Clear,Dusk,Village Road,Under Construction,None,90,3
0,Minor,5:01,Thursday,Stormy,Dusk,State Highway,Icy,Signs,29,1
1,Minor,5:48,Monday,Clear,Dusk,Urban Road,Wet,Signals,44,5
0,Minor,6:08,Sunday,Stormy,Daylight,Urban Road,Under Construction,None,63,5
0,Minor,4:42,Tuesday,Stormy,Daylight,State Highway,Dry,None,118,2
0,Minor,13:09,Sunday,Snowy,Dawn,Village Road,Under Construction,Signs,77,3
0,Minor,10:07,Sunday,Foggy,Dusk,Urban Road,Dry,Signs,44,1
1,Minor,23:56,Sunday,Hazy,Daylight,Urban Road,Under Construction,Guard,112,2
1,Minor,0:22,Sunday,Foggy,Dawn,National Highway,Icy,Unknown,95,3
0,Minor,15:53,Sunday,Foggy,Dawn,Village Road,Under Construction,Signals,59,4
0,Minor,2:26,Friday,Snowy,Dawn,National Highway,Icy,Unknown,95,4
0,Minor,0:16,Monday,Stormy,Dawn,State Highway,Icy,Signals,89,2
0,Minor,3:02,Monday,Stormy,Dawn,State Highway,Under Construction,None,29,1
0,Serious,15:06,Thursday,Clear,Dark,National Highway,Dry,Signs,85,3
1,Minor,4:14,Tuesday,Snowy,Dusk,Village Road,Dry,Signs,44,4
0,Minor,16:26,Wednesday,Clear,Dawn,Urban Road,Under Construction,None,90,4
1,Serious,4:25,Friday,Snowy,Dark,State Highway,Icy,None,106,1
0,Minor,17:20,Tuesday,Clear,Dusk,Village Road,Dry,Signals,30,2
0,Minor,17:54,Friday,Rainy,Daylight,Village Road,Wet,None,55,5
0,Minor,3:45,Monday,Foggy,Dawn,State Highway,Icy,Signals,68,3
1,Minor,0:31,Sunday,Foggy,Dark,State Highway,Under Construction,Unknown,67,4
1,Minor,12:49,Thursday,Hazy,Daylight,Village Road,Icy,Signs,106,5
1,Serious,22:48,Thursday,Stormy,Dark,Urban Road,Wet,Signs,26,1
0,Minor,16:39,Saturday,Hazy,Dusk,National Highway,Wet,Signs,110,2
0,Minor,18:40,Wednesday,Rainy,Dusk,State Highway,Dry,Unknown,96,3
1,Minor,5:55,Thursday,Hazy,Daylight,National Highway,Wet,Unknown,70,1
0,Minor,16:12,Sunday,Foggy,Dark,Village Road,Icy,Guard,36,2
0,Minor,0:17,Monday,Stormy,Dawn,National Highway,Dry,Signals,51,1
0,Minor,4:14,Wednesday,Rainy,Dawn,Urban Road,Wet,Signals,45,4
1,Minor,11:43,Tuesday,Foggy,Daylight,Village Road,Dry,Guard,41,4
1,Minor,16:24,Sunday,Clear,Daylight,Urban Road,Dry,Signs,32,5
0,Minor,22:23,Sunday,Snowy,Daylight,Village Road,Under Construction,Signals,31,1
1,Fatal,7:13,Thursday,Rainy,Dark,Urban Road,Dry,Signals,90,4
1,Minor,4:12,Wednesday,Stormy,Dawn,Village Road,Dry,Signs,20,2
0,Minor,8:57,Monday,Hazy,Dawn,Urban Road,Wet,None,52,5
0,Minor,8:21,Saturday,Hazy,Dawn,Village Road,Icy,None,33,3
1,Minor,17:26,Friday,Rainy,Daylight,Urban Road,Icy,Guard,83,1
0,Minor,19:25,Friday,Stormy,Dawn,Village Road,Wet,Unknown,62,4
0,Minor,9:16,Monday,Rainy,Dusk,Urban Road,Icy,Signals,77,2
0,Minor,6:17,Monday,Stormy,Daylight,State Highway,Dry,Signals,60,1
1,Minor,14:25,Friday,Hazy,Dawn,National Highway,Under Construction,Guard,100,2
1,Serious,1:21,Saturday,Foggy,Dark,Village Road,Dry,Guard,87,5
1,Minor,19:49,Wednesday,Clear,Daylight,Urban Road,Dry,Signals,58,4
0,Minor,23:14,Friday,Foggy,Dusk,State Highway,Under Construction,Signs,20,4
1,Minor,2:48,Monday,Clear,Dusk,Village Road,Wet,Signs,60,5
1,Minor,12:37,Thursday,Hazy,Dark,Village Road,Dry,Unknown,64,2
0,Serious,23:46,Tuesday,Foggy,Dark,Village Road,Dry,Signals,107,1
1,Fatal,17:29,Saturday,Foggy,Daylight,National Highway,Wet,Signals,117,2
0,Minor,5:22,Sunday,Rainy,Daylight,Urban Road,Dry,Signals,117,1
0,Minor,14:32,Saturday,Snowy,Dusk,Urban Road,Dry,Signals,107,5
0,Serious,17:52,Thursday,Hazy,Dark,Village Road,Icy,Guard,98,3
0,Minor,0:07,Thursday,Stormy,Daylight,Village Road,Wet,None,100,1
0,Minor,13:56,Sunday,Hazy,Dusk,Village Road,Dry,Signals,32,4
0,Fatal,17:22,Monday,Stormy,Dark,State Highway,Dry,None,90,4
0,Minor,5:54,Friday,Stormy,Dusk,Village Road,Under Construction,Signs,28,4
1,Minor,23:24,Wednesday,Clear,Dawn,National Highway,Under Construction,Unknown,82,2
0,Serious,1:39,Saturday,Stormy,Dark,Urban Road,Under Construction,Signs,118,2
0,Minor,6:43,Sunday,Stormy,Daylight,National Highway,Dry,Signals,42,2
0,Minor,19:53,Saturday,Rainy,Daylight,Village Road,Dry,Signs,73,4
1,Minor,16:46,Thursday,Foggy,Dawn,State Highway,Under Construction,Guard,66,1
0,Minor,8:40,Friday,Hazy,Dark,Village Road,Icy,None,58,4
0,Minor,4:03,Saturday,Hazy,Dusk,Village Road,Icy,Signals,106,1
1,Minor,12:45,Wednesday,Stormy,Daylight,Village Road,Icy,Guard,45,2
0,Minor,1:53,Thursday,Snowy,Dawn,Village Road,Icy,None,20,3
0,Minor,0:22,Wednesday,Hazy,Dawn,Village Road,Wet,Guard,33,2
0,Serious,1:21,Friday,Stormy,Dark,Urban Road,Under Construction,Signs,115,5
1,Fatal,4:28,Saturday,Clear,Dark,National Highway,Dry,Signals,93,1
0,Minor,3:52,Tuesday,Clear,Daylight,State Highway,Under Construction,Signs,84,3
1,Minor,0:37,Saturday,Clear,Dawn,Village Road,Icy,Unknown,88,2
0,Minor,5:53,Friday,Stormy,Dusk,State Highway,Dry,Signals,86,3
1,Minor,3:32,Saturday,Rainy,Dawn,Urban Road,Wet,Signs,68,4
1,Minor,10:46,Sunday,Snowy,Dusk,National Highway,Under Construction,Signals,69,1
1,Minor,12:54,Saturday,Stormy,Dusk,Village Road,Dry,None,77,5
0,Minor,2:08,Monday,Rainy,Daylight,Urban Road,Dry,Signals,72,4
1,Minor,17:53,Saturday,Rainy,Dawn,Urban Road,Icy,Signals,110,3
0,Minor,14:33,Saturday,Hazy,Dusk,National Highway,Icy,None,76,2
0,Serious,1:21,Wednesday,Stormy,Dark,Village Road,Under Construction,Signs,105,1
0,Minor,22:42,Tuesday,Stormy,Dusk,National Highway,Wet,Signals,37,5
1,Minor,21:55,Wednesday,Rainy,Dark,National Highway,Dry,Guard,35,2
1,Minor,22:54,Wednesday,Rainy,Dark,State Highway,Icy,Signals,21,5
1,Minor,22:14,Thursday,Rainy,Dawn,State Highway,Under Construction,Signs,32,1
0,Minor,9:18,Monday,Hazy,Dark,National Highway,Icy,None,64,3
0,Minor,22:03,Wednesday,Stormy,Dusk,State Highway,Under Construction,Signs,99,5
1,Fatal,1:24,Sunday,Rainy,Dark,Urban Road,Icy,Unknown,91,1
0,Minor,8:12,Friday,Clear,Dawn,National Highway,Wet,Signals,62,5
0,Minor,15:34,Sunday,Stormy,Daylight,Village Road,Dry,Signals,91,2
0,Minor,9:24,Friday,Hazy,Dusk,Village Road,Icy,None,73,5
0,Minor,15:52,Saturday,Clear,Dusk,Urban Road,Dry,Signals,93,2
0,Minor,15:28,Thursday,Foggy,Dawn,Village Road,Under Construction,Guard,116,2
0,Minor,14:09,Monday,Stormy,Dawn,Village Road,Wet,Guard,50,1
0,Minor,2:04,Sunday,Foggy,Dawn,National Highway,Dry,Signs,95,4
0,Minor,19:30,Monday,Rainy,Dawn,Urban Road,Icy,None,28,5
1,Minor,3:14,Sunday,Hazy,Dusk,National Highway,Dry,Unknown,92,3
0,Minor,12:57,Saturday,Rainy,Daylight,Urban Road,Dry,Signs,67,2
0,Minor,22:04,Friday,Hazy,Dark,National Highway,Under Construction,None,37,4
0,Fatal,0:09,Tuesday,Snowy,Dark,National Highway,Wet,None,113,2
0,Minor,13:20,Thursday,Rainy,Daylight,State Highway,Wet,Signs,115,4
1,Minor,18:49,Sunday,Foggy,Daylight,Village Road,Dry,Signs,106,4
1,Minor,19:06,Sunday,Hazy,Daylight,Urban Road,Dry,Signals,30,3
0,Minor,1:26,Saturday,Rainy,Dawn,Village Road,Under Construction,Unknown,81,4
0,Minor,15:17,Thursday,Stormy,Dusk,State Highway,Dry,Guard,103,3
1,Minor,16:22,Friday,Hazy,Dusk,Urban Road,Under Construction,Signals,38,1
1,Serious,4:41,Friday,Hazy,Dusk,State Highway,Wet,None,119,2
0,Minor,17:11,Sunday,Rainy,Dawn,Village Road,Wet,Unknown,109,3
0,Minor,21:16,Tuesday,Snowy,Dusk,National Highway,Under Construction,Unknown,93,2
0,Minor,22:38,Tuesday,Rainy,Dawn,State Highway,Dry,Signs,43,5
1,Minor,16:30,Monday,Foggy,Dusk,State Highway,Wet,Unknown,32,1
0,Minor,23:35,Thursday,Foggy,Daylight,National Highway,Icy,Unknown,65,5
1,Minor,0:10,Thursday,Hazy,Dark,Village Road,Under Construction,None,72,5
0,Serious,10:07,Friday,Hazy,Dark,State Highway,Wet,Signals,117,4
0,Minor,15:32,Monday,Rainy,Dawn,Village Road,Wet,Unknown,48,4
0,Minor,10:30,Saturday,Foggy,Dusk,National Highway,Wet,Signs,55,5
0,Serious,16:59,Thursday,Foggy,Dark,Urban Road,Icy,Signals,90,4
0,Minor,19:13,Monday,Snowy,Daylight,State Highway,Icy,Signs,113,2
0,Minor,0:16,Monday,Stormy,Daylight,Village Road,Icy,Unknown,36,4
0,Minor,1:24,Sunday,Snowy,Daylight,National Highway,Dry,Signals,67,5
1,Minor,23:28,Friday,Clear,Dawn,National Highway,Under Construction,Unknown,96,4
0,Minor,16:08,Monday,Snowy,Dawn,State Highway,Dry,None,43,4
0,Minor,11:16,Tuesday,Rainy,Dusk,Urban Road,Icy,Signals,73,3
1,Minor,6:08,Tuesday,Stormy,Daylight,State Highway,Under Construction,Signs,114,3
1,Minor,3:38,Wednesday,Rainy,Dusk,Village Road,Dry,None,110,5
1,Minor,11:13,Friday,Clear,Dusk,National Highway,Dry,Guard,104,2
1,Minor,10:39,Sunday,Stormy,Daylight,Urban Road,Dry,Signs,20,1
0,Minor,7:16,Saturday,Hazy,Dusk,Village Road,Icy,Unknown,98,1
0,Fatal,20:46,Wednesday,Foggy,Dark,State Highway,Wet,Signs,86,5
1,Minor,8:53,Tuesday,Snowy,Dawn,National Highway,Under Construction,Guard,25,2
0,Minor,6:56,Sunday,Rainy,Dusk,State Highway,Icy,Signs,97,2
0,Minor,6:00,Wednesday,Clear,Daylight,Urban Road,Under Construction,None,74,2
1,Minor,4:01,Friday,Foggy,Dawn,Urban Road,Icy,Signs,57,3
0,Minor,15:12,Sunday,Snowy,Dawn,Urban Road,Dry,Signals,52,5
0,Minor,11:05,Friday,Foggy,Dusk,Urban Road,Dry,Guard,27,1
0,Serious,22:23,Monday,Snowy,Dark,Urban Road,Wet,Signs,109,2
0,Minor,10:05,Thursday,Hazy,Dusk,State Highway,Wet,Guard,98,5
0,Serious,20:37,Monday,Stormy,Dark,Urban Road,Under Construction,None,97,1
0,Minor,3:28,Friday,Foggy,Dawn,Urban Road,Wet,Signals,39,3
1,Minor,2:03,Sunday,Foggy,Dusk,National Highway,Wet,Unknown,74,4
0,Minor,20:29,Tuesday,Foggy,Daylight,Urban Road,Under Construction,Signs,67,1
0,Minor,15:37,Saturday,Stormy,Dusk,National Highway,Icy,None,102,1
1,Serious,20:03,Tuesday,Clear,Dark,National Highway,Wet,Guard,75,1
1,Serious,16:02,Sunday,Snowy,Dark,National Highway,Icy,Guard,116,4
1,Minor,7:55,Monday,Hazy,Dusk,State Highway,Dry,None,119,2
1,Fatal,16:13,Saturday,Foggy,Dark,State Highway,Wet,Signs,107,4
0,Minor,20:53,Sunday,Stormy,Dawn,Village Road,Dry,Unknown,29,1
0,Minor,1:55,Friday,Clear,Dusk,Village Road,Dry,Signs,71,3
0,Minor,5:47,Tuesday,Snowy,Dark,National Highway,Icy,Signals,69,1
0,Minor,21:03,Friday,Stormy,Dusk,State Highway,Under Construction,Signs,53,3
0,Minor,16:01,Saturday,Hazy,Dusk,Urban Road,Wet,Signals,55,5
0,Minor,6:35,Saturday,Hazy,Daylight,Village Road,Icy,Guard,80,3
1,Minor,2:38,Tuesday,Snowy,Dusk,State Highway,Under Construction,Signals,119,1
0,Minor,22:18,Friday,Foggy,Daylight,Urban Road,Dry,Unknown,35,4
0,Fatal,12:48,Wednesday,Hazy,Dark,Urban Road,Wet,None,98,1
0,Minor,19:58,Friday,Clear,Daylight,State Highway,Dry,Signals,37,1
0,Minor,3:43,Saturday,Stormy,Daylight,Village Road,Dry,Signs,90,5
0,Minor,20:41,Friday,Clear,Daylight,State Highway,Wet,Signals,66,2
1,Minor,19:38,Sunday,Foggy,Dawn,Village Road,Under Construction,Guard,105,1
0,Minor,20:41,Monday,Clear,Daylight,National Highway,Under Construction,Signals,51,5
0,Minor,23:42,Wednesday,Clear,Dusk,State Highway,Wet,Unknown,62,4
0,Minor,17:50,Thursday,Rainy,Daylight,State Highway,Wet,Signals,102,5
1,Minor,21:39,Sunday,Clear,Dusk,Village Road,Icy,Unknown,59,5
0,Minor,16:59,Monday,Snowy,Daylight,Village Road,Icy,Signs,84,3
0,Minor,23:09,Thursday,Stormy,Dawn,State Highway,Dry,Guard,54,2
0,Fatal,21:16,Tuesday,Rainy,Dark,Urban Road,Wet,None,88,2
0,Minor,13:16,Thursday,Stormy,Daylight,Urban Road,Under Construction,Signs,69,4
1,Minor,15:21,Sunday,Stormy,Daylight,Urban Road,Dry,Signs,31,5
1,Minor,0:07,Friday,Foggy,Dawn,National Highway,Dry,None,95,4
0,Minor,14:37,Sunday,Foggy,Daylight,National Highway,Dry,Signals,104,4
1,Minor,7:37,Thursday,Rainy,Dusk,Village Road,Dry,Signals,77,2
1,Minor,17:54,Saturday,Hazy,Daylight,National Highway,Under Construction,Signals,102,2
1,Minor,1:57,Monday,Foggy,Daylight,Urban Road,Dry,Guard,82,2
1,Serious,1:13,Monday,Foggy,Dark,State Highway,Wet,Signs,92,1
0,Minor,10:57,Thursday,Foggy,Dark,National Highway,Icy,Unknown,68,5
0,Minor,18:58,Monday,Stormy,Daylight,National Highway,Under Construction,None,55,4
0,Minor,15:02,Saturday,Rainy,Dawn,Urban Road,Wet,Signs,73,5
1,Serious,17:52,Sunday,Stormy,Dark,National Highway,Wet,Signals,66,4
0,Minor,20:49,Monday,Snowy,Daylight,Village Road,Wet,None,51,4
1,Serious,1:06,Thursday,Stormy,Dark,State Highway,Icy,Unknown,118,4
1,Minor,18:16,Wednesday,Snowy,Daylight,Urban Road,Icy,Signs,114,4
0,Minor,6:17,Wednesday,Clear,Dark,Village Road,Icy,Signs,72,3
1,Serious,13:26,Tuesday,Clear,Dark,Urban Road,Wet,Guard,51,3
0,Minor,14:01,Monday,Snowy,Dusk,Village Road,Icy,Signs,81,1
0,Minor,9:42,Sunday,Snowy,Daylight,State Highway,Dry,Signs,56,2
1,Minor,3:25,Thursday,Stormy,Daylight,State Highway,Icy,Unknown,115,4
0,Minor,14:09,Monday,Snowy,Daylight,Village Road,Under Construction,Unknown,57,5
1,Minor,16:56,Friday,Rainy,Daylight,Village Road,Wet,None,49,3
1,Serious,13:53,Saturday,Clear,Dark,Village Road,Wet,Signals,77,2
0,Minor,0:25,Monday,Clear,Dusk,Village Road,Dry,Unknown,51,1
0,Minor,13:47,Monday,Hazy,Dusk,Village Road,Icy,None,85,2
0,Minor,20:26,Wednesday,Snowy,Dawn,Village Road,Icy,Signs,70,4
0,Minor,12:20,Saturday,Foggy,Daylight,State Highway,Under Construction,None,30,2
1,Minor,12:12,Thursday,Foggy,Dawn,Village Road,Dry,None,78,4
0,Minor,20:55,Monday,Snowy,Dark,National Highway,Under Construction,None,39,3
0,Minor,6:10,Wednesday,Rainy,Dawn,State Highway,Under Construction,None,56,3
0,Minor,4:44,Tuesday,Foggy,Daylight,Urban Road,Wet,Unknown,92,4
0,Minor,23:53,Saturday,Hazy,Dusk,State Highway,Wet,Signals,68,5
1,Minor,12:17,Wednesday,Snowy,Dusk,Urban Road,Icy,None,38,3
0,Minor,9:47,Wednesday,Rainy,Daylight,Urban Road,Icy,Guard,74,5
1,Minor,20:32,Sunday,Rainy,Dark,National Highway,Under Construction,Signs,59,4
0,Minor,21:45,Wednesday,Stormy,Daylight,Village Road,Icy,Signs,26,4
1,Minor,23:53,Sunday,Rainy,Dark,Village Road,Under Construction,Signs,24,3
0,Minor,4:57,Monday,Foggy,Dusk,State Highway,Icy,Signs,61,5
0,Fatal,11:52,Monday,Foggy,Dark,Village Road,Icy,Signs,107,4
1,Minor,7:50,Tuesday,Snowy,Daylight,National Highway,Wet,None,67,3
0,Minor,14:57,Friday,Snowy,Daylight,State Highway,Wet,Signals,26,4
1,Minor,23:04,Friday,Rainy,Daylight,State Highway,Wet,Guard,30,2
0,Fatal,15:42,Friday,Hazy,Dark,State Highway,Wet,Unknown,92,2
0,Minor,18:27,Sunday,Clear,Dark,Village Road,Dry,Guard,68,3
0,Minor,6:50,Saturday,Stormy,Dark,Village Road,Wet,Unknown,49,4
1,Minor,3:06,Saturday,Clear,Dusk,Village Road,Dry,Unknown,60,3
0,Minor,4:41,Tuesday,Rainy,Dawn,State Highway,Wet,Guard,22,1
0,Minor,10:18,Saturday,Rainy,Dawn,State Highway,Icy,None,105,3
0,Minor,15:15,Friday,Clear,Daylight,Urban Road,Under Construction,Signs,59,3
0,Minor,18:33,Friday,Stormy,Dusk,Urban Road,Icy,None,70,2
0,Fatal,6:59,Wednesday,Clear,Dark,Village Road,Icy,Signs,103,2
1,Minor,4:18,Saturday,Snowy,Daylight,State Highway,Dry,Signals,51,4
1,Minor,21:53,Monday,Foggy,Dusk,Village Road,Wet,Unknown,67,3
1,Minor,15:18,Monday,Hazy,Daylight,Village Road,Under Construction,Guard,90,3
1,Minor,21:21,Wednesday,Snowy,Dusk,Urban Road,Under Construction,Signals,90,4
0,Minor,12:28,Wednesday,Foggy,Dusk,National Highway,Wet,Signs,39,5
1,Minor,6:17,Wednesday,Hazy,Dawn,Village Road,Dry,None,108,4
0,Minor,21:32,Monday,Hazy,Daylight,National Highway,Dry,Guard,54,2
0,Minor,18:42,Friday,Hazy,Dark,National Highway,Dry,Unknown,43,2
0,Minor,17:59,Wednesday,Rainy,Dawn,State Highway,Under Construction,Signals,59,3
0,Minor,5:25,Tuesday,Hazy,Dawn,State Highway,Dry,Unknown,96,2
1,Minor,1:30,Sunday,Stormy,Dark,Village Road,Dry,Signs,71,4
0,Minor,13:29,Wednesday,Clear,Dusk,Urban Road,Under Construction,Unknown,58,3
0,Fatal,23:40,Sunday,Stormy,Dark,Urban Road,Under Construction,None,87,4
0,Minor,9:41,Thursday,Clear,Daylight,Village Road,Icy,Signals,80,4
1,Fatal,22:05,Wednesday,Snowy,Dark,Village Road,Under Construction,Signals,95,3
0,Minor,17:35,Monday,Snowy,Dusk,Urban Road,Wet,None,100,5
0,Serious,3:27,Saturday,Clear,Dark,National Highway,Under Construction,Unknown,84,2
0,Minor,1:25,Wednesday,Stormy,Dusk,Village Road,Under Construction,None,81,1
1,Minor,10:52,Saturday,Clear,Dusk,National Highway,Dry,Guard,100,1
0,Minor,10:51,Thursday,Hazy,Daylight,Village Road,Icy,None,21,1
0,Minor,21:46,Tuesday,Rainy,Dark,Village Road,Dry,Unknown,25,2
0,Fatal,18:05,Saturday,Snowy,Dark,National Highway,Icy,None,94,5
0,Minor,6:07,Sunday,Rainy,Daylight,National Highway,Dry,Signs,62,4
0,Minor,20:37,Friday,Hazy,Dusk,Urban Road,Wet,None,101,3
0,Minor,4:35,Wednesday,Hazy,Dark,Village Road,Dry,None,59,5
1,Minor,3:07,Thursday,Snowy,Daylight,State Highway,Dry,Unknown,108,1
0,Minor,5:31,Thursday,Snowy,Dusk,State Highway,Wet,Guard,58,2
0,Minor,14:15,Saturday,Hazy,Daylight,Village Road,Wet,Guard,47,2
1,Serious,23:49,Tuesday,Foggy,Dark,Village Road,Under Construction,Unknown,99,3
0,Minor,20:39,Monday,Rainy,Daylight,Village Road,Dry,Unknown,82,4
0,Minor,5:02,Wednesday,Rainy,Dawn,National Highway,Wet,Unknown,83,5
0,Minor,5:02,Thursday,Foggy,Dusk,State Highway,Wet,Signs,31,5
0,Minor,5:08,Tuesday,Stormy,Dawn,State Highway,Under Construction,Signals,60,5
1,Minor,8:36,Friday,Rainy,Dawn,State Highway,Icy,None,48,4
0,Minor,22:23,Thursday,Clear,Dusk,Village Road,Wet,Unknown,42,4
1,Serious,3:24,Tuesday,Hazy,Dusk,National Highway,Wet,Unknown,104,4
0,Minor,15:13,Monday,Hazy,Daylight,Village Road,Dry,Unknown,99,3
0,Minor,6:42,Monday,Foggy,Dusk,Urban Road,Under Construction,Guard,70,2
0,Minor,4:46,Thursday,Rainy,Dawn,Urban Road,Dry,Unknown,64,1
0,Minor,21:12,Sunday,Stormy,Dawn,State Highway,Icy,None,109,4
0,Minor,17:23,Thursday,Rainy,Dark,Village Road,Under Construction,Unknown,41,2
1,Minor,4:54,Saturday,Hazy,Dusk,Urban Road,Dry,None,29,4
0,Minor,22:28,Wednesday,Snowy,Dawn,Urban Road,Wet,Signs,26,1
1,Serious,13:55,Tuesday,Clear,Dark,Village Road,Wet,Signals,92,4
0,Serious,5:21,Thursday,Foggy,Dark,National Highway,Under Construction,Guard,108,2
1,Minor,19:00,Wednesday,Snowy,Daylight,Village Road,Wet,None,34,3
1,Minor,6:05,Saturday,Stormy,Dawn,Village Road,Dry,Signs,96,1
1,Minor,14:48,Wednesday,Snowy,Daylight,National Highway,Under Construction,Signals,65,2
1,Serious,2:10,Thursday,Snowy,Dawn,State Highway,Wet,Signals,109,5
1,Serious,22:47,Monday,Stormy,Daylight,State Highway,Wet,Signals,104,5
0,Minor,13:38,Tuesday,Snowy,Daylight,State Highway,Icy,None,106,5
0,Minor,0:29,Tuesday,Foggy,Dusk,National Highway,Icy,Signs,80,3
0,Minor,17:13,Monday,Hazy,Daylight,Urban Road,Under Construction,Unknown,111,4
1,Minor,6:46,Sunday,Rainy,Dusk,National Highway,Icy,Signs,80,4
0,Minor,7:55,Thursday,Snowy,Dark,Village Road,Dry,Signs,70,4
1,Minor,6:10,Tuesday,Foggy,Dawn,National Highway,Wet,Signs,57,3
0,Minor,7:59,Thursday,Rainy,Dark,Urban Road,Wet,None,31,5
0,Minor,2:27,Saturday,Rainy,Dawn,Urban Road,Wet,None,107,4
0,Serious,20:49,Thursday,Snowy,Dark,Village Road,Under Construction,None,96,3
0,Minor,9:38,Wednesday,Foggy,Dawn,State Highway,Under Construction,Signs,85,3
0,Minor,0:06,Monday,Hazy,Daylight,Urban Road,Icy,None,73,2
0,Minor,1:01,Sunday,Snowy,Dawn,Urban Road,Wet,Signals,58,4
0,Minor,13:15,Thursday,Stormy,Dawn,Urban Road,Wet,None,95,5
0,Minor,4:31,Sunday,Rainy,Dark,Village Road,Wet,Guard,58,1
0,Fatal,2:05,Sunday,Snowy,Dark,Urban Road,Wet,None,97,3
0,Minor,17:10,Saturday,Rainy,Dark,State Highway,Wet,None,49,2
1,Minor,21:41,Friday,Foggy,Dusk,Village Road,Dry,None,67,1
0,Minor,17:03,Monday,Clear,Dusk,State Highway,Wet,None,102,3
0,Minor,21:09,Sunday,Snowy,Dawn,Urban Road,Dry,Guard,50,2
0,Minor,10:28,Tuesday,Hazy,Dawn,Urban Road,Wet,Unknown,44,4
0,Minor,6:04,Wednesday,Snowy,Daylight,State Highway,Under Construction,None,87,2
0,Minor,18:15,Tuesday,Rainy,Daylight,Village Road,Under Construction,Signals,70,3
0,Minor,2:49,Saturday,Foggy,Dawn,Village Road,Dry,Guard,32,4
0,Minor,22:22,Saturday,Stormy,Dusk,State Highway,Wet,Unknown,119,5
0,Minor,7:07,Tuesday,Hazy,Dawn,Urban Road,Under Construction,None,82,2
0,Minor,4:28,Monday,Foggy,Daylight,National Highway,Under Construction,Unknown,61,1
1,Minor,16:52,Tuesday,Snowy,Dusk,State Highway,Wet,Signals,73,4
1,Fatal,10:30,Thursday,Stormy,Dusk,State Highway,Wet,Guard,86,4
0,Minor,14:26,Tuesday,Foggy,Daylight,State Highway,Under Construction,Guard,99,5
0,Minor,22:02,Wednesday,Clear,Dawn,Urban Road,Wet,Unknown,109,2
0,Minor,16:01,Wednesday,Hazy,Dark,Village Road,Icy,None,75,1
0,Minor,18:00,Friday,Rainy,Dawn,Urban Road,Wet,Signs,38,5
1,Minor,3:47,Wednesday,Foggy,Dawn,State Highway,Under Construction,Guard,65,2
0,Minor,7:50,Tuesday,Foggy,Daylight,Urban Road,Under Construction,Signs,34,1
0,Minor,9:29,Wednesday,Clear,Dusk,Urban Road,Dry,Guard,51,1
0,Minor,1:07,Monday,Snowy,Daylight,State Highway,Icy,None,68,3
1,Minor,12:18,Sunday,Hazy,Dawn,Urban Road,Under Construction,None,40,1
0,Serious,1:14,Wednesday,Hazy,Dark,National Highway,Icy,Guard,84,2
0,Serious,8:56,Thursday,Rainy,Dark,Urban Road,Wet,Unknown,89,5
0,Minor,3:07,Monday,Foggy,Dark,Urban Road,Under Construction,None,46,5
0,Minor,4:39,Friday,Stormy,Daylight,Village Road,Dry,None,42,3
0,Minor,7:07,Thursday,Foggy,Dusk,Village Road,Under Construction,Signals,66,2
0,Minor,16:45,Tuesday,Rainy,Daylight,State Highway,Dry,None,114,1
0,Minor,9:25,Sunday,Foggy,Dark,State Highway,Icy,Signals,31,3
0,Minor,3:33,Tuesday,Clear,Dawn,Village Road,Dry,None,104,4
0,Minor,16:45,Sunday,Foggy,Dusk,National Highway,Wet,None,85,2
0,Minor,19:58,Sunday,Foggy,Daylight,Urban Road,Wet,Unknown,24,3
0,Minor,2:21,Tuesday,Stormy,Daylight,National Highway,Wet,Unknown,28,5
0,Minor,0:14,Thursday,Clear,Dusk,National Highway,Under Construction,None,39,3
1,Serious,21:32,Thursday,Clear,Dusk,Village Road,Wet,Guard,101,4
0,Minor,20:49,Sunday,Foggy,Dawn,State Highway,Wet,Guard,82,2
0,Minor,14:46,Thursday,Hazy,Dusk,Urban Road,Under Construction,None,105,3
0,Minor,7:55,Sunday,Stormy,Dawn,State Highway,Icy,Guard,91,1
0,Serious,15:23,Sunday,Foggy,Dark,National Highway,Wet,None,117,2
1,Serious,4:45,Monday,Foggy,Dark,National Highway,Wet,Unknown,92,3
0,Minor,3:58,Saturday,Rainy,Daylight,State Highway,Under Construction,Signs,90,3
1,Minor,23:04,Monday,Rainy,Dark,State Highway,Icy,Signals,49,2
0,Fatal,9:54,Tuesday,Hazy,Dark,Village Road,Icy,Guard,101,5
0,Minor,11:55,Saturday,Stormy,Dawn,State Highway,Icy,Guard,110,1
1,Minor,22:16,Wednesday,Snowy,Daylight,State Highway,Under Construction,Unknown,35,2
1,Minor,12:59,Tuesday,Rainy,Dusk,Village Road,Dry,Guard,104,1
1,Minor,13:29,Friday,Snowy,Daylight,State Highway,Dry,None,24,1
1,Serious,7:04,Monday,Clear,Dark,National Highway,Wet,None,48,2
0,Minor,1:23,Thursday,Rainy,Dusk,State Highway,Wet,Signs,66,3
1,Minor,2:47,Monday,Rainy,Daylight,Urban Road,Wet,Signs,41,5
0,Minor,16:08,Thursday,Stormy,Daylight,National Highway,Dry,Signs,97,1
1,Minor,15:42,Saturday,Hazy,Daylight,Village Road,Under Construction,None,76,1
0,Minor,3:12,Friday,Snowy,Daylight,National Highway,Wet,Signs,102,3
1,Minor,10:30,Saturday,Rainy,Dawn,Village Road,Under Construction,Signs,54,2
0,Minor,10:51,Friday,Rainy,Daylight,Urban Road,Wet,None,107,5
0,Minor,0:50,Monday,Stormy,Dark,Urban Road,Under Construction,Unknown,79,1
0,Serious,10:21,Thursday,Stormy,Dark,National Highway,Under Construction,Guard,89,1
1,Minor,12:27,Saturday,Hazy,Dawn,State Highway,Dry,Signals,79,2
0,Minor,11:31,Friday,Snowy,Dusk,National Highway,Under Construction,None,77,3
0,Minor,0:26,Sunday,Clear,Dusk,National Highway,Icy,None,22,4
0,Minor,1:56,Tuesday,Hazy,Dark,Urban Road,Dry,Signals,53,3
0,Minor,18:30,Tuesday,Clear,Dark,Village Road,Wet,Signals,64,1
1,Minor,19:40,Saturday,Foggy,Dawn,National Highway,Dry,Signs,69,1
0,Minor,2:25,Thursday,Rainy,Dusk,State Highway,Icy,Signals,21,5
1,Minor,17:31,Sunday,Snowy,Dusk,Urban Road,Icy,Guard,34,3
0,Minor,7:01,Saturday,Hazy,Daylight,National Highway,Under Construction,Guard,56,4
0,Minor,22:23,Monday,Rainy,Daylight,National Highway,Icy,Guard,34,5
1,Minor,3:16,Friday,Snowy,Daylight,State Highway,Icy,Guard,79,4
0,Minor,9:20,Monday,Snowy,Dawn,National Highway,Icy,Guard,115,5
0,Serious,22:26,Tuesday,Snowy,Dark,National Highway,Icy,Signs,104,3
0,Minor,13:50,Friday,Rainy,Dawn,National Highway,Wet,None,83,1
1,Serious,3:41,Saturday,Hazy,Dusk,National Highway,Wet,Signals,100,4
0,Serious,21:41,Monday,Stormy,Dark,State Highway,Dry,None,117,3
1,Minor,2:31,Wednesday,Rainy,Daylight,National Highway,Under Construction,Signals,115,4
1,Minor,17:55,Thursday,Snowy,Dawn,National Highway,Wet,Signs,71,3
0,Minor,2:17,Sunday,Hazy,Dawn,National Highway,Icy,Signs,42,5
0,Minor,13:18,Sunday,Foggy,Daylight,Urban Road,Under Construction,Unknown,118,3
0,Minor,4:02,Thursday,Clear,Dawn,State Highway,Wet,Unknown,56,5
0,Minor,10:45,Wednesday,Snowy,Daylight,Urban Road,Dry,Signs,60,1
0,Minor,21:45,Tuesday,Foggy,Dusk,Urban Road,Icy,Signs,76,5
0,Serious,15:59,Friday,Stormy,Dark,State Highway,Under Construction,Signals,116,2
0,Minor,0:22,Thursday,Snowy,Dusk,Urban Road,Wet,Signs,44,1
1,Minor,13:18,Wednesday,Foggy,Dusk,Urban Road,Under Construction,None,56,3
1,Minor,9:06,Saturday,Snowy,Daylight,Urban Road,Wet,Signals,59,3
1,Minor,22:11,Sunday,Rainy,Dawn,State Highway,Dry,Signs,104,2
0,Minor,22:53,Wednesday,Hazy,Dusk,National Highway,Icy,Signals,65,3
0,Minor,1:56,Tuesday,Foggy,Dusk,Village Road,Dry,Signals,79,1
0,Minor,17:17,Tuesday,Hazy,Dusk,Village Road,Icy,Guard,117,1
1,Minor,5:57,Monday,Rainy,Dawn,State Highway,Icy,Unknown,38,5
0,Minor,15:14,Thursday,Rainy,Dawn,Village Road,Under Construction,Signals,110,4
1,Minor,2:27,Monday,Hazy,Daylight,State Highway,Wet,Signals,28,3
0,Minor,12:07,Sunday,Foggy,Dusk,State Highway,Dry,Guard,88,2
0,Minor,7:08,Wednesday,Hazy,Dark,Village Road,Dry,Signs,24,1
1,Minor,4:43,Friday,Hazy,Dawn,Urban Road,Dry,Signals,108,1
0,Minor,2:29,Friday,Clear,Daylight,National Highway,Under Construction,Guard,45,1
1,Minor,23:13,Tuesday,Foggy,Dusk,Village Road,Under Construction,None,38,4
1,Minor,19:21,Friday,Clear,Dark,Village Road,Under Construction,Guard,49,4
0,Minor,4:00,Friday,Snowy,Dawn,Village Road,Icy,Unknown,119,3
0,Minor,16:52,Sunday,Hazy,Dark,Village Road,Dry,Unknown,67,2
0,Minor,15:01,Friday,Snowy,Dawn,State Highway,Icy,Signs,35,4
1,Minor,5:37,Wednesday,Foggy,Daylight,State Highway,Dry,Signs,90,5
0,Minor,20:21,Friday,Hazy,Dark,National Highway,Dry,Unknown,37,4
0,Minor,13:45,Saturday,Snowy,Dusk,National Highway,Wet,Unknown,75,1
0,Minor,13:16,Friday,Stormy,Dusk,Village Road,Dry,Signals,40,2
1,Minor,17:35,Friday,Rainy,Dawn,Village Road,Under Construction,Unknown,50,3
0,Minor,16:10,Monday,Hazy,Dusk,Village Road,Under Construction,Signs,20,4
1,Minor,1:55,Wednesday,Rainy,Dark,National Highway,Under Construction,Unknown,22,1
1,Fatal,12:40,Tuesday,Clear,Daylight,Village Road,Wet,Signs,114,5
0,Minor,23:33,Monday,Snowy,Dawn,Urban Road,Wet,None,44,5
0,Minor,17:07,Thursday,Clear,Dark,National Highway,Icy,Unknown,27,3
1,Minor,6:14,Wednesday,Hazy,Dawn,Urban Road,Dry,Signs,84,3
0,Minor,16:26,Saturday,Rainy,Daylight,Village Road,Dry,Guard,81,4
1,Minor,2:24,Wednesday,Rainy,Dawn,State Highway,Under Construction,Signals,26,3
0,Minor,21:43,Thursday,Snowy,Dusk,Urban Road,Under Construction,Signs,26,1
0,Minor,2:17,Thursday,Hazy,Dusk,National Highway,Under Construction,Unknown,27,1
1,Minor,15:57,Thursday,Stormy,Dawn,Urban Road,Under Construction,Unknown,38,1
0,Minor,8:13,Sunday,Stormy,Daylight,National Highway,Under Construction,None,36,4
0,Minor,14:56,Tuesday,Snowy,Daylight,Village Road,Under Construction,Guard,30,4
0,Minor,15:38,Friday,Hazy,Dusk,Urban Road,Dry,Signs,68,3
0,Minor,10:16,Wednesday,Snowy,Daylight,State Highway,Wet,Guard,30,4
0,Minor,20:55,Sunday,Hazy,Dawn,Urban Road,Under Construction,None,60,1
0,Serious,12:00,Friday,Clear,Dark,State Highway,Dry,Signals,81,2
1,Minor,23:58,Friday,Snowy,Dawn,National Highway,Under Construction,Guard,71,1
0,Minor,19:27,Saturday,Hazy,Dusk,Village Road,Icy,None,85,2
0,Minor,10:23,Thursday,Stormy,Dusk,Village Road,Icy,Signs,87,3
0,Minor,9:59,Tuesday,Hazy,Dusk,State Highway,Dry,Signals,111,5
1,Serious,3:35,Saturday,Hazy,Daylight,National Highway,Wet,Unknown,116,4
0,Minor,17:48,Monday,Snowy,Dawn,Village Road,Icy,None,94,4
1,Serious,8:29,Sunday,Clear,Dark,National Highway,Icy,Unknown,86,1
0,Minor,16:58,Sunday,Clear,Dawn,State Highway,Wet,Signals,59,1
0,Minor,8:37,Tuesday,Clear,Dark,State Highway,Icy,None,24,2
0,Minor,5:25,Friday,Clear,Dawn,Urban Road,Under Construction,None,104,4
0,Minor,18:37,Sunday,Foggy,Dusk,Village Road,Wet,Signals,41,3
0,Minor,9:34,Tuesday,Snowy,Dark,Village Road,Icy,Signs,56,1
0,Minor,12:54,Sunday,Rainy,Dawn,Urban Road,Wet,None,30,4
1,Minor,17:44,Sunday,Snowy,Daylight,State Highway,Under Construction,Signals,63,5
0,Minor,16:28,Thursday,Foggy,Daylight,State Highway,Icy,Guard,105,2
0,Minor,3:00,Monday,Clear,Dawn,State Highway,Dry,Unknown,72,1
0,Minor,4:56,Thursday,Foggy,Dusk,State Highway,Icy,None,96,1
1,Minor,17:28,Monday,Stormy,Dark,National Highway,Icy,Guard,80,3
0,Minor,22:04,Sunday,Stormy,Dawn,Village Road,Under Construction,None,86,1
0,Minor,22:17,Saturday,Snowy,Daylight,Village Road,Dry,Signs,32,4
0,Serious,11:21,Friday,Snowy,Dark,State Highway,Dry,Signals,111,4
1,Minor,0:15,Sunday,Rainy,Daylight,State Highway,Dry,None,30,4
0,Minor,18:33,Monday,Rainy,Daylight,State Highway,Under Construction,Signals,30,5
0,Minor,21:01,Monday,Stormy,Dawn,Village Road,Under Construction,None,104,5
1,Minor,22:23,Monday,Clear,Daylight,Village Road,Under Construction,Signs,104,1
1,Minor,22:36,Sunday,Foggy,Dark,State Highway,Under Construction,Signs,26,5
0,Minor,4:45,Tuesday,Rainy,Dusk,National Highway,Under Construction,Guard,36,5
1,Minor,17:29,Saturday,Hazy,Dawn,Urban Road,Dry,Signs,67,3
0,Minor,8:50,Tuesday,Rainy,Dark,Urban Road,Wet,Signals,33,5
0,Minor,11:37,Friday,Clear,Dawn,Urban Road,Under Construction,Signs,82,2
0,Minor,7:03,Sunday,Clear,Daylight,Village Road,Wet,None,83,2
0,Minor,2:35,Monday,Snowy,Daylight,Village Road,Icy,Signs,116,2
0,Serious,22:28,Saturday,Foggy,Dark,Urban Road,Icy,Signals,94,1
1,Serious,10:41,Saturday,Clear,Dark,Urban Road,Under Construction,None,96,4
0,Minor,20:15,Wednesday,Rainy,Dusk,National Highway,Icy,Guard,84,3
0,Minor,16:57,Friday,Rainy,Dark,Village Road,Wet,Guard,53,1
0,Minor,20:18,Saturday,Stormy,Dark,Village Road,Icy,Guard,28,4
1,Minor,14:41,Sunday,Clear,Dawn,Urban Road,Icy,None,96,3
0,Minor,14:09,Monday,Hazy,Daylight,National Highway,Wet,Guard,56,3
0,Minor,3:04,Monday,Snowy,Dark,National Highway,Icy,Signs,49,3
0,Minor,0:26,Saturday,Foggy,Dusk,Urban Road,Under Construction,None,60,2
0,Minor,23:36,Tuesday,Hazy,Dark,Urban Road,Wet,None,64,2
1,Minor,4:30,Friday,Snowy,Daylight,Village Road,Wet,None,66,2
1,Minor,0:11,Monday,Rainy,Dark,Urban Road,Dry,Unknown,26,3
0,Minor,16:46,Saturday,Hazy,Dawn,State Highway,Dry,Signals,33,3
1,Minor,4:32,Monday,Snowy,Daylight,National Highway,Wet,Unknown,67,2
0,Minor,4:11,Saturday,Rainy,Dark,Urban Road,Wet,Unknown,25,3
1,Minor,16:27,Friday,Rainy,Dawn,State Highway,Dry,Unknown,53,2
0,Minor,0:04,Saturday,Rainy,Daylight,National Highway,Under Construction,Signals,99,2
0,Serious,2:15,Wednesday,Rainy,Dark,State Highway,Icy,Unknown,119,2
0,Minor,14:17,Saturday,Rainy,Dawn,State Highway,Icy,Guard,65,4
0,Minor,5:54,Saturday,Stormy,Dusk,Urban Road,Icy,None,78,3
0,Minor,8:22,Sunday,Hazy,Dawn,National Highway,Wet,None,89,1
0,Minor,12:54,Friday,Snowy,Dusk,State Highway,Under Construction,Signs,27,2
0,Minor,0:46,Sunday,Stormy,Dark,Village Road,Dry,Guard,43,1
1,Minor,7:19,Saturday,Stormy,Dawn,National Highway,Under Construction,Signals,86,4
0,Minor,7:28,Friday,Clear,Dusk,Village Road,Under Construction,None,23,3
0,Minor,21:17,Wednesday,Clear,Daylight,Urban Road,Icy,Unknown,115,2
1,Minor,1:45,Friday,Clear,Dawn,Village Road,Dry,Signs,20,2
0,Minor,17:25,Monday,Foggy,Dark,National Highway,Under Construction,Signs,53,2
0,Minor,4:22,Sunday,Clear,Daylight,State Highway,Dry,None,28,1
0,Minor,9:52,Friday,Snowy,Dusk,State Highway,Wet,Guard,82,4
1,Minor,1:33,Wednesday,Stormy,Dawn,National Highway,Icy,Signs,95,3
0,Minor,1:21,Thursday,Snowy,Dawn,State Highway,Dry,None,29,4
0,Minor,8:24,Saturday,Hazy,Dark,Village Road,Wet,Guard,29,2
1,Minor,12:52,Friday,Clear,Daylight,State Highway,Wet,None,69,4
1,Minor,12:07,Saturday,Foggy,Dawn,State Highway,Wet,None,63,1
0,Minor,10:38,Tuesday,Hazy,Dawn,Village Road,Under Construction,Guard,67,5
0,Minor,22:44,Monday,Foggy,Daylight,Village Road,Under Construction,Guard,106,5
0,Minor,7:15,Sunday,Hazy,Dawn,Village Road,Icy,Guard,25,3
1,Minor,2:56,Monday,Stormy,Daylight,Urban Road,Icy,None,107,3
0,Minor,10:55,Tuesday,Snowy,Daylight,Village Road,Wet,Signs,43,4
0,Minor,16:10,Tuesday,Rainy,Daylight,Village Road,Icy,Signals,104,3
1,Serious,22:28,Sunday,Snowy,Dark,Urban Road,Under Construction,Signals,114,1
0,Minor,13:13,Friday,Clear,Daylight,State Highway,Icy,None,77,2
0,Minor,9:55,Tuesday,Rainy,Daylight,Village Road,Dry,None,83,2
0,Minor,23:09,Thursday,Foggy,Dusk,National Highway,Under Construction,Signs,113,4
0,Minor,13:10,Saturday,Stormy,Dusk,Village Road,Wet,Guard,75,2
0,Serious,17:46,Saturday,Stormy,Dark,Village Road,Wet,None,117,4
0,Minor,11:00,Wednesday,Foggy,Daylight,Urban Road,Icy,Unknown,101,3
0,Minor,0:37,Tuesday,Clear,Dusk,National Highway,Under Construction,Guard,31,3
0,Minor,10:06,Tuesday,Foggy,Dusk,State Highway,Wet,None,54,1
1,Serious,2:55,Thursday,Hazy,Dawn,State Highway,Wet,Unknown,90,2
0,Minor,12:56,Monday,Clear,Daylight,National Highway,Under Construction,Signs,108,1
1,Minor,16:18,Monday,Rainy,Dusk,Village Road,Under Construction,Unknown,25,5
0,Serious,7:36,Saturday,Foggy,Dark,Urban Road,Wet,None,84,1
1,Minor,14:26,Saturday,Clear,Dawn,National Highway,Icy,Signals,99,4
1,Minor,14:42,Friday,Rainy,Dawn,National Highway,Icy,None,79,4
0,Minor,16:03,Sunday,Foggy,Daylight,State Highway,Icy,Signals,87,1
1,Minor,1:04,Thursday,Stormy,Daylight,Urban Road,Dry,Signs,48,3
1,Minor,10:16,Sunday,Foggy,Dawn,National Highway,Under Construction,Signs,57,5
0,Serious,18:49,Sunday,Snowy,Dark,Urban Road,Wet,Guard,111,1
0,Minor,18:47,Wednesday,Foggy,Daylight,Village Road,Dry,Guard,41,3
0,Minor,10:52,Sunday,Snowy,Daylight,State Highway,Icy,Signals,27,1
1,Minor,22:24,Wednesday,Rainy,Dawn,Village Road,Dry,Signals,82,2
1,Serious,19:31,Sunday,Foggy,Dawn,Urban Road,Wet,Signs,115,4
1,Serious,18:13,Thursday,Rainy,Daylight,Village Road,Wet,Unknown,116,2
0,Minor,21:44,Wednesday,Rainy,Dusk,State Highway,Under Construction,Signals,32,2
1,Minor,7:44,Monday,Clear,Daylight,Urban Road,Icy,Signals,46,5
0,Minor,19:44,Wednesday,Rainy,Dusk,National Highway,Icy,Unknown,37,3
0,Minor,1:09,Wednesday,Rainy,Dawn,Village Road,Dry,Guard,37,4
0,Minor,0:09,Thursday,Foggy,Dusk,State Highway,Icy,Guard,96,2
0,Serious,13:25,Thursday,Foggy,Dark,National Highway,Dry,Signals,105,4
0,Minor,2:34,Wednesday,Stormy,Dawn,State Highway,Wet,Guard,81,3
0,Minor,12:49,Tuesday,Clear,Daylight,Urban Road,Wet,Guard,33,1
0,Minor,10:15,Thursday,Rainy,Daylight,Urban Road,Wet,Guard,30,2
0,Minor,0:10,Friday,Clear,Dawn,Village Road,Wet,Signs,105,3
0,Minor,15:21,Friday,Snowy,Dawn,State Highway,Wet,None,119,4
0,Minor,11:14,Monday,Rainy,Dark,State Highway,Dry,Signals,36,3
0,Minor,8:38,Sunday,Clear,Dawn,State Highway,Wet,Signals,70,1
0,Minor,10:03,Wednesday,Stormy,Daylight,Urban Road,Dry,Signs,115,3
0,Minor,11:21,Tuesday,Stormy,Dark,Village Road,Wet,None,33,4
0,Minor,9:33,Monday,Rainy,Daylight,State Highway,Dry,None,76,2
0,Minor,20:03,Wednesday,Snowy,Dusk,State Highway,Dry,Signs,112,2
0,Minor,6:18,Thursday,Stormy,Dawn,National Highway,Dry,Unknown,25,5
0,Minor,21:37,Friday,Stormy,Dusk,State Highway,Icy,Unknown,76,4
0,Minor,15:41,Saturday,Snowy,Daylight,Village Road,Dry,None,23,5
1,Minor,13:25,Tuesday,Clear,Dusk,National Highway,Dry,Unknown,30,5
0,Minor,20:55,Saturday,Stormy,Dusk,National Highway,Wet,Unknown,93,1
0,Minor,20:32,Friday,Foggy,Daylight,National Highway,Dry,Unknown,111,4
0,Minor,11:47,Sunday,Hazy,Daylight,Urban Road,Dry,None,30,2
0,Minor,20:51,Sunday,Hazy,Dawn,National Highway,Under Construction,Unknown,118,4
0,Minor,3:49,Saturday,Stormy,Dusk,State Highway,Icy,Signals,98,1
0,Minor,12:45,Thursday,Clear,Dark,Urban Road,Under Construction,None,27,4
0,Serious,1:44,Wednesday,Clear,Dark,Urban Road,Wet,Signs,103,4
0,Minor,8:42,Thursday,Rainy,Daylight,Urban Road,Icy,Unknown,78,5
0,Minor,12:24,Saturday,Foggy,Daylight,Urban Road,Icy,Guard,40,4
1,Minor,7:35,Thursday,Clear,Dusk,Urban Road,Under Construction,None,84,5
1,Minor,16:51,Friday,Snowy,Daylight,Urban Road,Icy,Signs,112,5
1,Minor,12:46,Tuesday,Foggy,Dark,Urban Road,Under Construction,Signals,43,3
1,Minor,10:24,Thursday,Hazy,Dawn,National Highway,Dry,Signs,49,1
0,Minor,9:48,Friday,Foggy,Dawn,Village Road,Under Construction,Unknown,118,5
0,Minor,6:47,Tuesday,Snowy,Dusk,State Highway,Icy,Guard,116,4
0,Minor,18:06,Sunday,Stormy,Dawn,State Highway,Icy,Unknown,103,5
0,Minor,3:10,Wednesday,Snowy,Daylight,National Highway,Wet,Signs,76,5
1,Serious,2:22,Saturday,Snowy,Daylight,National Highway,Wet,None,99,5
0,Minor,9:31,Sunday,Stormy,Daylight,Urban Road,Wet,Guard,92,2
1,Serious,15:01,Wednesday,Stormy,Daylight,Village Road,Wet,Guard,114,2
0,Minor,12:04,Sunday,Stormy,Dusk,Urban Road,Icy,Signs,36,2
1,Minor,14:51,Monday,Stormy,Dawn,National Highway,Wet,Unknown,78,2
0,Minor,8:43,Sunday,Stormy,Dark,Urban Road,Under Construction,Signs,50,3
0,Minor,11:39,Friday,Snowy,Dawn,State Highway,Dry,Guard,83,5
0,Minor,13:09,Tuesday,Rainy,Daylight,State Highway,Icy,Signs,67,3
0,Minor,14:47,Sunday,Rainy,Dark,Urban Road,Wet,Guard,42,4
0,Minor,21:00,Thursday,Clear,Dusk,Village Road,Icy,Unknown,89,1
0,Minor,22:29,Wednesday,Rainy,Daylight,Urban Road,Wet,None,49,3
1,Minor,3:35,Sunday,Hazy,Daylight,Urban Road,Icy,None,74,2
0,Minor,8:13,Tuesday,Rainy,Dark,Village Road,Wet,Signs,26,2
0,Minor,17:26,Friday,Snowy,Dusk,Village Road,Dry,Guard,94,4
0,Serious,13:59,Monday,Stormy,Dark,Village Road,Wet,None,117,5
1,Minor,23:33,Wednesday,Stormy,Dusk,State Highway,Under Construction,Guard,31,1
0,Minor,23:17,Saturday,Snowy,Daylight,Urban Road,Icy,Unknown,79,3
0,Minor,20:37,Tuesday,Hazy,Dawn,National Highway,Icy,Signs,71,5
0,Minor,17:00,Saturday,Rainy,Daylight,Village Road,Under Construction,Guard,46,5
0,Minor,20:47,Tuesday,Snowy,Dawn,Village Road,Under Construction,Signs,31,3
0,Minor,19:24,Tuesday,Clear,Dawn,Urban Road,Dry,Guard,32,3
0,Minor,10:55,Friday,Stormy,Dusk,National Highway,Icy,Guard,91,3
0,Fatal,3:28,Friday,Foggy,Dark,Urban Road,Dry,Unknown,99,3
1,Minor,10:36,Friday,Clear,Dusk,Urban Road,Icy,Signs,81,2
0,Minor,7:27,Sunday,Hazy,Daylight,Village Road,Icy,Signals,48,5
0,Minor,7:50,Thursday,Clear,Dark,Village Road,Dry,Guard,54,5
0,Minor,7:35,Tuesday,Snowy,Dawn,State Highway,Icy,Guard,79,2
1,Minor,5:53,Wednesday,Rainy,Dawn,National Highway,Icy,None,48,5
0,Minor,23:44,Saturday,Stormy,Daylight,National Highway,Dry,Signs,50,3
1,Serious,17:58,Friday,Hazy,Dark,Village Road,Wet,Signals,96,1
0,Minor,20:29,Sunday,Hazy,Daylight,Village Road,Dry,Unknown,95,5
0,Minor,16:01,Friday,Foggy,Daylight,Village Road,Icy,Signals,80,1
0,Minor,21:32,Saturday,Clear,Dusk,National Highway,Under Construction,Unknown,21,1
1,Minor,15:34,Saturday,Foggy,Daylight,State Highway,Wet,Signals,52,2
0,Fatal,4:08,Tuesday,Rainy,Dark,National Highway,Under Construction,Signals,91,4
1,Fatal,10:40,Friday,Rainy,Daylight,Village Road,Wet,Signs,81,5
1,Minor,21:31,Saturday,Foggy,Dark,Village Road,Under Construction,None,78,2
0,Minor,15:41,Thursday,Stormy,Dawn,State Highway,Wet,Signals,59,2
0,Minor,9:41,Thursday,Rainy,Daylight,Urban Road,Dry,Guard,68,1
0,Minor,4:16,Friday,Foggy,Dark,Urban Road,Wet,Guard,51,5
0,Minor,10:18,Sunday,Clear,Dawn,National Highway,Wet,Guard,57,2
1,Fatal,15:57,Saturday,Foggy,Dark,Urban Road,Wet,None,111,3
1,Minor,7:19,Tuesday,Foggy,Dawn,Urban Road,Icy,Signals,98,2
0,Minor,14:02,Tuesday,Snowy,Dusk,National Highway,Under Construction,Unknown,106,3
0,Minor,17:24,Sunday,Rainy,Daylight,Village Road,Dry,Unknown,107,4
1,Minor,16:52,Tuesday,Stormy,Daylight,Urban Road,Under Construction,Signs,32,3
0,Minor,7:49,Monday,Stormy,Dawn,Village Road,Under Construction,None,104,3
1,Minor,5:55,Friday,Snowy,Dusk,National Highway,Dry,Signals,73,1
0,Serious,4:40,Tuesday,Hazy,Dark,Village Road,Icy,Guard,95,2
0,Minor,22:59,Thursday,Stormy,Dusk,Village Road,Wet,None,32,4
0,Minor,17:58,Saturday,Foggy,Dark,National Highway,Icy,None,58,2
0,Minor,12:15,Wednesday,Snowy,Dark,Village Road,Icy,Signals,42,3
0,Minor,9:45,Sunday,Clear,Daylight,Urban Road,Wet,Signs,111,3
0,Minor,10:55,Wednesday,Rainy,Dawn,Urban Road,Under Construction,Signs,33,2
0,Minor,0:56,Tuesday,Rainy,Daylight,Urban Road,Wet,Signs,36,4
1,Minor,18:50,Wednesday,Rainy,Daylight,Urban Road,Dry,Guard,43,4
1,Minor,16:51,Wednesday,Foggy,Daylight,Village Road,Wet,Guard,77,1
0,Serious,22:23,Monday,Clear,Dark,Urban Road,Under Construction,Signals,82,3
0,Minor,20:16,Thursday,Snowy,Daylight,Village Road,Icy,Signs,53,3
0,Minor,3:05,Sunday,Snowy,Dark,State Highway,Icy,Signals,70,1
0,Minor,23:29,Thursday,Rainy,Dawn,Village Road,Wet,Signs,105,2
0,Minor,1:28,Monday,Clear,Dark,Urban Road,Dry,None,29,3
0,Serious,7:20,Monday,Clear,Dark,State Highway,Under Construction,Unknown,91,2
0,Minor,6:30,Wednesday,Clear,Dusk,National Highway,Icy,Unknown,40,4
0,Minor,15:25,Friday,Stormy,Daylight,Village Road,Wet,Signs,56,5
0,Minor,20:24,Saturday,Stormy,Daylight,Urban Road,Dry,Signals,26,1
0,Minor,4:05,Saturday,Rainy,Daylight,Urban Road,Dry,Guard,109,3
1,Minor,8:53,Wednesday,Clear,Daylight,Urban Road,Icy,Signs,32,1
0,Minor,12:31,Saturday,Hazy,Dusk,National Highway,Icy,Signs,99,4
0,Minor,1:42,Monday,Clear,Dusk,State Highway,Under Construction,Guard,49,4
0,Minor,15:16,Thursday,Snowy,Dusk,State Highway,Dry,Signs,50,4
0,Minor,11:16,Saturday,Snowy,Dusk,Urban Road,Under Construction,None,24,4
1,Minor,14:08,Sunday,Rainy,Daylight,Village Road,Dry,Guard,51,5
0,Minor,12:53,Wednesday,Hazy,Dark,Urban Road,Dry,None,35,2
1,Serious,5:19,Friday,Clear,Dawn,Urban Road,Wet,Unknown,92,2
0,Minor,8:09,Wednesday,Hazy,Dusk,Village Road,Icy,Guard,41,5
0,Serious,17:59,Tuesday,Rainy,Dark,Urban Road,Dry,Guard,83,2
1,Minor,1:21,Wednesday,Snowy,Dusk,National Highway,Under Construction,Signals,63,4
0,Minor,9:28,Monday,Snowy,Daylight,Urban Road,Icy,Signals,59,2
0,Minor,10:20,Thursday,Stormy,Daylight,National Highway,Under Construction,Guard,56,1
0,Fatal,18:42,Thursday,Rainy,Dark,Urban Road,Icy,Unknown,97,2
0,Minor,16:04,Sunday,Rainy,Dark,State Highway,Icy,Signs,35,1
1,Minor,2:27,Saturday,Clear,Dark,Village Road,Dry,Signals,62,3
0,Minor,8:55,Monday,Clear,Daylight,State Highway,Wet,Unknown,103,1
0,Minor,12:07,Tuesday,Stormy,Daylight,Urban Road,Dry,Unknown,82,1
0,Minor,20:25,Monday,Foggy,Dawn,Urban Road,Icy,Signals,34,4
0,Minor,15:06,Wednesday,Hazy,Dark,National Highway,Dry,Signs,63,4
0,Minor,12:04,Monday,Foggy,Dawn,Urban Road,Dry,Signals,109,4
0,Minor,9:47,Monday,Foggy,Dusk,Urban Road,Icy,Unknown,28,1
0,Minor,4:09,Sunday,Rainy,Dawn,Urban Road,Icy,None,84,5
1,Minor,17:14,Tuesday,Hazy,Dusk,State Highway,Dry,Signals,118,4
0,Minor,0:03,Wednesday,Rainy,Dusk,National Highway,Dry,Unknown,63,4
0,Minor,18:26,Friday,Hazy,Dawn,State Highway,Dry,Signals,39,1
1,Serious,5:42,Sunday,Snowy,Dark,National Highway,Under Construction,Unknown,89,3
0,Minor,22:08,Friday,Rainy,Dusk,State Highway,Dry,Signs,93,3
0,Minor,21:06,Sunday,Rainy,Dark,Urban Road,Under Construction,Unknown,52,2
0,Minor,9:35,Thursday,Rainy,Daylight,State Highway,Wet,Guard,99,3
0,Minor,18:18,Sunday,Stormy,Dusk,State Highway,Under Construction,None,119,4
0,Minor,18:28,Saturday,Rainy,Daylight,National Highway,Dry,Unknown,25,5
1,Serious,19:18,Monday,Clear,Dawn,National Highway,Wet,Signals,102,2
0,Minor,21:24,Thursday,Clear,Dark,State Highway,Under Construction,Signals,50,5
0,Minor,6:36,Tuesday,Hazy,Dawn,National Highway,Under Construction,Unknown,85,5
1,Minor,18:14,Friday,Snowy,Dusk,National Highway,Icy,Guard,37,4
0,Minor,6:17,Sunday,Stormy,Daylight,National Highway,Wet,Unknown,47,1
0,Minor,11:29,Monday,Hazy,Dusk,Village Road,Icy,Signs,87,1
0,Minor,10:02,Tuesday,Clear,Dawn,National Highway,Wet,Guard,84,1
1,Serious,2:22,Saturday,Stormy,Dark,Village Road,Under Construction,Unknown,99,3
0,Minor,4:37,Tuesday,Stormy,Dark,Village Road,Icy,None,64,1
0,Minor,23:09,Monday,Snowy,Dusk,National Highway,Dry,Guard,77,4
0,Minor,20:35,Saturday,Stormy,Dusk,State Highway,Under Construction,Unknown,66,3
0,Minor,23:20,Tuesday,Rainy,Daylight,National Highway,Wet,None,85,1
0,Minor,23:39,Saturday,Stormy,Dawn,Urban Road,Wet,Unknown,71,5
0,Minor,19:13,Sunday,Snowy,Dusk,State Highway,Icy,Signs,55,4
1,Minor,8:11,Sunday,Hazy,Daylight,Village Road,Icy,Signals,20,4
0,Minor,23:51,Monday,Snowy,Dusk,Village Road,Wet,Unknown,58,2
0,Serious,21:15,Monday,Snowy,Dark,State Highway,Under Construction,Guard,106,4
1,Minor,0:07,Saturday,Clear,Daylight,State Highway,Icy,Unknown,109,5
1,Minor,18:55,Wednesday,Rainy,Daylight,National Highway,Dry,Unknown,94,4
0,Minor,4:17,Thursday,Clear,Dusk,Village Road,Wet,Unknown,20,2
0,Minor,18:00,Tuesday,Hazy,Dawn,Urban Road,Dry,Unknown,94,4
0,Serious,17:28,Tuesday,Foggy,Dark,National Highway,Wet,Guard,107,4
1,Minor,13:37,Wednesday,Hazy,Dawn,State Highway,Dry,Guard,93,2
1,Minor,23:20,Wednesday,Rainy,Daylight,Village Road,Under Construction,Unknown,33,4
0,Minor,11:43,Wednesday,Stormy,Dawn,State Highway,Wet,Signals,97,3
1,Minor,13:44,Friday,Snowy,Daylight,State Highway,Under Construction,Unknown,90,4
0,Minor,22:42,Friday,Foggy,Dawn,State Highway,Icy,Guard,42,1
0,Minor,15:28,Saturday,Rainy,Dusk,National Highway,Wet,Signs,62,1
0,Minor,8:17,Friday,Clear,Dawn,Urban Road,Under Construction,Unknown,41,3
1,Minor,7:51,Sunday,Snowy,Daylight,Urban Road,Dry,Unknown,79,4
0,Serious,10:27,Sunday,Hazy,Dark,Village Road,Under Construction,Unknown,119,5
1,Serious,12:36,Monday,Clear,Dark,State Highway,Wet,Unknown,46,4
1,Minor,20:18,Saturday,Rainy,Dark,Urban Road,Under Construction,None,75,1
1,Minor,22:11,Tuesday,Rainy,Daylight,State Highway,Dry,Unknown,21,2
0,Minor,23:44,Thursday,Hazy,Dawn,Village Road,Dry,Guard,58,3
0,Minor,7:52,Monday,Foggy,Dark,State Highway,Dry,Guard,70,2
0,Minor,23:30,Tuesday,Hazy,Dark,Urban Road,Icy,None,38,5
0,Serious,5:04,Tuesday,Stormy,Dark,State Highway,Wet,Unknown,81,4
0,Minor,14:57,Saturday,Clear,Dusk,Urban Road,Dry,Signals,90,5
1,Minor,12:42,Wednesday,Foggy,Daylight,Village Road,Icy,Unknown,95,2
0,Minor,16:29,Wednesday,Snowy,Daylight,State Highway,Dry,Guard,86,4
0,Minor,5:36,Monday,Stormy,Daylight,Urban Road,Under Construction,Signs,82,5
0,Minor,0:47,Wednesday,Foggy,Daylight,Village Road,Wet,Signs,24,1
0,Minor,0:27,Tuesday,Clear,Daylight,State Highway,Under Construction,Signals,91,1
0,Minor,3:37,Wednesday,Rainy,Dusk,Village Road,Icy,Unknown,97,3
0,Minor,22:01,Friday,Snowy,Dawn,Urban Road,Under Construction,None,80,1
1,Minor,7:20,Wednesday,Hazy,Dusk,State Highway,Under Construction,Unknown,119,1
0,Fatal,20:53,Tuesday,Clear,Dark,State Highway,Dry,Signals,90,2
1,Minor,4:13,Saturday,Stormy,Dusk,State Highway,Under Construction,Signals,26,1
1,Minor,8:46,Monday,Stormy,Daylight,Village Road,Dry,Signals,69,1
0,Minor,12:40,Thursday,Rainy,Dusk,Village Road,Dry,Signs,65,2
1,Fatal,11:40,Wednesday,Rainy,Daylight,Urban Road,Wet,Unknown,115,1
0,Minor,20:36,Sunday,Snowy,Dusk,National Highway,Icy,Unknown,91,1
1,Minor,7:29,Sunday,Hazy,Daylight,State Highway,Icy,None,95,3
0,Serious,3:59,Tuesday,Snowy,Dark,State Highway,Icy,Signals,93,1
1,Minor,15:50,Thursday,Rainy,Daylight,Urban Road,Dry,Signals,33,1
1,Minor,5:21,Thursday,Rainy,Dusk,State Highway,Icy,Guard,92,3
1,Fatal,13:09,Friday,Stormy,Dark,Village Road,Dry,Guard,113,2
1,Serious,21:13,Thursday,Rainy,Dusk,Village Road,Wet,Signs,88,1
0,Serious,12:01,Sunday,Foggy,Dark,State Highway,Icy,Unknown,84,5
0,Minor,16:18,Saturday,Clear,Dawn,State Highway,Dry,None,84,2
0,Minor,8:31,Tuesday,Rainy,Dawn,Village Road,Icy,None,76,2
0,Minor,12:35,Tuesday,Snowy,Dawn,State Highway,Icy,Signals,81,1
0,Minor,4:51,Wednesday,Hazy,Dusk,Village Road,Wet,None,39,3
0,Minor,9:03,Wednesday,Hazy,Dusk,National Highway,Under Construction,Signals,94,2
1,Minor,16:00,Wednesday,Hazy,Dark,National Highway,Icy,Unknown,45,3
0,Minor,10:16,Sunday,Foggy,Dark,State Highway,Wet,None,63,5
1,Serious,9:54,Sunday,Snowy,Dark,State Highway,Icy,Signals,86,3
0,Serious,2:00,Sunday,Foggy,Dark,State Highway,Icy,Unknown,89,4
1,Minor,13:07,Sunday,Rainy,Daylight,Village Road,Icy,Unknown,81,3
1,Minor,8:04,Sunday,Clear,Dawn,National Highway,Icy,Signals,64,2
0,Minor,15:26,Sunday,Hazy,Daylight,National Highway,Under Construction,Signals,30,3
0,Minor,22:53,Saturday,Snowy,Daylight,Urban Road,Under Construction,Signs,91,3
1,Minor,9:01,Sunday,Hazy,Daylight,Urban Road,Icy,Unknown,112,4
0,Minor,16:05,Thursday,Foggy,Daylight,State Highway,Icy,Signals,93,4
0,Minor,9:56,Thursday,Stormy,Dawn,Village Road,Wet,Unknown,53,1
0,Minor,11:48,Friday,Rainy,Daylight,State Highway,Wet,None,107,2
0,Minor,8:50,Saturday,Clear,Dark,National Highway,Dry,Guard,65,1
0,Minor,17:48,Wednesday,Rainy,Dusk,State Highway,Under Construction,Guard,100,4
0,Minor,19:24,Monday,Stormy,Dark,State Highway,Icy,Signals,51,3
0,Minor,11:19,Sunday,Clear,Dusk,National Highway,Under Construction,Signals,94,4
0,Serious,7:24,Friday,Stormy,Dark,National Highway,Wet,Unknown,117,5
1,Serious,8:36,Monday,Rainy,Dark,National Highway,Under Construction,Signals,107,3
0,Minor,11:23,Thursday,Foggy,Dusk,National Highway,Under Construction,Unknown,24,1
1,Minor,2:37,Friday,Rainy,Dawn,Urban Road,Icy,Signals,82,3
0,Minor,12:50,Friday,Rainy,Daylight,Village Road,Icy,Unknown,48,5
0,Minor,9:43,Tuesday,Rainy,Dark,Village Road,Wet,Signals,67,4
0,Minor,4:41,Thursday,Snowy,Dawn,National Highway,Icy,Signs,117,2
0,Minor,19:38,Thursday,Stormy,Daylight,Village Road,Wet,Unknown,35,2
0,Minor,3:47,Saturday,Stormy,Dawn,Village Road,Wet,Signs,44,2
0,Minor,8:01,Friday,Hazy,Dawn,Village Road,Dry,Signs,91,4
0,Minor,13:24,Sunday,Stormy,Daylight,Village Road,Dry,Signs,48,2
0,Minor,7:29,Thursday,Hazy,Dark,National Highway,Dry,Signs,71,5
0,Minor,14:00,Friday,Snowy,Dawn,State Highway,Under Construction,None,65,4
0,Minor,4:08,Saturday,Foggy,Dark,State Highway,Dry,Guard,44,2
0,Minor,16:56,Sunday,Hazy,Dark,State Highway,Icy,None,42,1
1,Minor,0:36,Saturday,Rainy,Dark,Urban Road,Icy,Signals,53,4
0,Minor,18:48,Tuesday,Foggy,Daylight,Village Road,Dry,Signals,86,4
0,Minor,11:22,Sunday,Snowy,Dusk,National Highway,Under Construction,Guard,113,3
1,Serious,9:50,Friday,Stormy,Dark,National Highway,Wet,Guard,53,2
0,Minor,0:36,Thursday,Hazy,Dusk,Urban Road,Under Construction,Guard,51,1
0,Minor,3:22,Thursday,Rainy,Dusk,National Highway,Under Construction,Signs,48,5
1,Minor,10:28,Friday,Clear,Dawn,State Highway,Wet,None,28,4
0,Serious,23:26,Friday,Clear,Dark,Urban Road,Wet,Signals,85,5
0,Minor,9:01,Friday,Foggy,Dark,National Highway,Wet,None,76,5
0,Minor,7:34,Wednesday,Stormy,Dark,Urban Road,Icy,None,58,5
0,Minor,20:16,Sunday,Clear,Dusk,Urban Road,Wet,None,26,3
0,Minor,19:58,Thursday,Foggy,Daylight,National Highway,Wet,Guard,88,5
0,Minor,20:06,Sunday,Snowy,Dusk,State Highway,Under Construction,Guard,27,2
0,Serious,16:26,Saturday,Foggy,Dark,National Highway,Under Construction,Signals,115,2
0,Minor,5:56,Thursday,Foggy,Dark,Village Road,Dry,Signals,37,1
1,Serious,3:14,Wednesday,Foggy,Dark,Village Road,Under Construction,Signals,101,1
1,Minor,15:34,Friday,Rainy,Dusk,National Highway,Wet,None,68,5
0,Minor,8:11,Tuesday,Foggy,Dark,State Highway,Icy,Guard,35,5
0,Minor,19:58,Friday,Hazy,Dawn,Village Road,Under Construction,Signs,40,3
0,Minor,13:37,Friday,Foggy,Dark,Village Road,Under Construction,None,29,5
0,Minor,10:42,Wednesday,Rainy,Daylight,National Highway,Wet,Unknown,23,5
0,Minor,19:45,Sunday,Rainy,Dawn,National Highway,Under Construction,None,63,5
0,Minor,14:44,Thursday,Snowy,Dark,National Highway,Under Construction,Guard,27,4
1,Minor,13:30,Friday,Stormy,Dawn,Urban Road,Wet,Unknown,74,4
0,Minor,12:06,Thursday,Clear,Dark,Urban Road,Under Construction,None,38,3
0,Minor,14:15,Monday,Clear,Daylight,Urban Road,Icy,Guard,83,3
0,Minor,4:53,Saturday,Foggy,Dark,National Highway,Dry,Guard,59,2
0,Minor,17:12,Sunday,Snowy,Dawn,State Highway,Under Construction,Signs,70,3
1,Minor,18:56,Thursday,Foggy,Daylight,Village Road,Icy,None,28,2
1,Minor,3:38,Tuesday,Clear,Dusk,Urban Road,Under Construction,Guard,49,5
1,Minor,19:46,Saturday,Rainy,Daylight,State Highway,Dry,Signals,75,3
0,Minor,22:13,Tuesday,Stormy,Daylight,National Highway,Wet,Guard,100,3
0,Minor,4:52,Friday,Snowy,Daylight,Urban Road,Dry,Signs,63,3
0,Minor,10:10,Saturday,Rainy,Dawn,National Highway,Under Construction,Guard,78,2
0,Minor,16:15,Thursday,Stormy,Daylight,State Highway,Dry,None,34,2
0,Serious,4:14,Saturday,Snowy,Dark,Urban Road,Dry,None,87,1
1,Fatal,6:26,Friday,Snowy,Daylight,Urban Road,Wet,Unknown,89,2
0,Minor,2:57,Wednesday,Clear,Daylight,Urban Road,Under Construction,None,80,2
0,Serious,12:29,Sunday,Rainy,Dark,Urban Road,Dry,Unknown,99,4
0,Serious,8:52,Tuesday,Snowy,Dark,State Highway,Dry,Signals,109,3
0,Minor,4:23,Friday,Hazy,Dusk,Urban Road,Wet,Signs,42,2
0,Minor,0:11,Wednesday,Snowy,Daylight,Village Road,Icy,Signals,96,3
1,Minor,5:16,Saturday,Stormy,Dawn,Village Road,Under Construction,Unknown,66,3
1,Minor,15:06,Saturday,Clear,Daylight,National Highway,Icy,Guard,36,4
1,Minor,20:51,Friday,Foggy,Daylight,Urban Road,Icy,Guard,76,3
0,Minor,5:52,Thursday,Clear,Dark,Village Road,Wet,Signals,73,2
0,Minor,20:13,Saturday,Foggy,Dusk,Village Road,Wet,Guard,110,3
0,Minor,7:44,Thursday,Rainy,Daylight,Village Road,Under Construction,Unknown,71,1
0,Minor,12:03,Thursday,Rainy,Dawn,State Highway,Icy,Signs,41,1
1,Minor,21:21,Sunday,Snowy,Daylight,Urban Road,Dry,None,102,4
0,Minor,0:06,Thursday,Hazy,Dawn,State Highway,Icy,Unknown,58,2
0,Serious,20:12,Monday,Rainy,Dark,State Highway,Wet,Unknown,118,4
0,Minor,0:20,Sunday,Snowy,Dusk,Village Road,Dry,None,32,1
0,Minor,14:55,Wednesday,Clear,Daylight,Village Road,Dry,None,97,2
1,Serious,0:55,Wednesday,Rainy,Dusk,National Highway,Wet,Signs,114,3
0,Minor,8:15,Saturday,Clear,Daylight,Urban Road,Dry,Signs,85,2
0,Minor,16:44,Saturday,Clear,Dawn,Urban Road,Icy,Signs,71,5
0,Minor,0:01,Thursday,Hazy,Dusk,Village Road,Wet,Guard,33,2
0,Minor,3:38,Sunday,Rainy,Daylight,Village Road,Under Construction,Unknown,92,3
1,Serious,16:00,Sunday,Clear,Dark,Urban Road,Wet,None,93,5
1,Minor,3:39,Monday,Hazy,Dawn,National Highway,Under Construction,Unknown,82,4
1,Minor,5:40,Thursday,Hazy,Dusk,Village Road,Under Construction,Unknown,90,2
1,Minor,12:56,Monday,Rainy,Daylight,National Highway,Wet,Signs,47,4
0,Minor,15:32,Thursday,Hazy,Dusk,State Highway,Wet,Signs,108,2
0,Minor,5:05,Tuesday,Rainy,Daylight,Village Road,Under Construction,Unknown,65,1
0,Minor,11:12,Tuesday,Rainy,Dawn,State Highway,Under Construction,Signs,47,1
0,Minor,10:10,Friday,Foggy,Dark,Village Road,Dry,Guard,21,3
1,Minor,2:54,Thursday,Clear,Dawn,State Highway,Wet,None,36,1
0,Minor,13:14,Sunday,Stormy,Dusk,Village Road,Wet,Unknown,78,5
1,Minor,13:21,Saturday,Rainy,Dusk,National Highway,Dry,None,71,5
0,Minor,11:13,Wednesday,Clear,Daylight,National Highway,Wet,Guard,23,2
0,Minor,0:05,Friday,Hazy,Dawn,National Highway,Dry,Signs,96,4
0,Minor,3:14,Saturday,Snowy,Daylight,State Highway,Dry,Signals,101,5
1,Minor,14:52,Tuesday,Rainy,Dawn,National Highway,Wet,Guard,22,2
0,Minor,9:24,Thursday,Hazy,Dusk,State Highway,Icy,Signals,56,4
0,Minor,15:31,Friday,Hazy,Daylight,Village Road,Under Construction,None,116,1
0,Minor,10:05,Thursday,Hazy,Daylight,State Highway,Wet,Unknown,43,2
0,Minor,19:33,Tuesday,Hazy,Dawn,Village Road,Icy,Signs,91,4
0,Minor,14:09,Friday,Hazy,Dark,Urban Road,Dry,Guard,54,3
1,Minor,9:01,Tuesday,Rainy,Dawn,Urban Road,Icy,Signs,21,3
0,Minor,8:49,Monday,Stormy,Dark,Urban Road,Wet,Signals,52,5
0,Minor,4:57,Tuesday,Foggy,Dawn,State Highway,Wet,Signals,95,4
0,Minor,11:48,Sunday,Hazy,Dusk,Urban Road,Icy,Unknown,105,3
0,Minor,15:25,Sunday,Hazy,Daylight,Urban Road,Wet,Signals,96,5
1,Minor,14:39,Thursday,Foggy,Dawn,Urban Road,Under Construction,Unknown,29,2
0,Minor,4:08,Wednesday,Rainy,Dusk,Village Road,Icy,Guard,100,2
0,Minor,14:53,Tuesday,Clear,Dawn,National Highway,Dry,Unknown,81,4
0,Minor,13:13,Saturday,Snowy,Daylight,State Highway,Icy,Signals,62,4
1,Minor,12:34,Sunday,Snowy,Dawn,Urban Road,Icy,None,88,4
1,Minor,17:46,Wednesday,Clear,Dark,Village Road,Icy,Unknown,78,4
0,Minor,1:55,Monday,Rainy,Daylight,National Highway,Icy,Signs,28,3
0,Serious,17:33,Friday,Snowy,Dark,National Highway,Dry,None,96,3
0,Minor,12:43,Friday,Foggy,Dusk,National Highway,Dry,Unknown,79,5
1,Minor,22:10,Sunday,Clear,Dusk,Village Road,Dry,Signs,82,3
0,Minor,18:48,Wednesday,Stormy,Dawn,Urban Road,Icy,None,71,2
0,Minor,20:46,Sunday,Rainy,Dark,National Highway,Under Construction,Unknown,42,5
0,Minor,1:24,Friday,Clear,Dark,Village Road,Under Construction,Guard,49,3
0,Minor,15:17,Tuesday,Snowy,Daylight,Village Road,Dry,Signs,62,4
0,Serious,14:16,Wednesday,Rainy,Dark,State Highway,Under Construction,Guard,87,3
1,Minor,5:33,Thursday,Foggy,Dark,Village Road,Under Construction,Signals,40,1
0,Minor,0:15,Tuesday,Rainy,Daylight,National Highway,Under Construction,Unknown,62,5
0,Minor,15:25,Tuesday,Rainy,Daylight,National Highway,Under Construction,Unknown,92,3
0,Minor,0:09,Tuesday,Foggy,Dark,Village Road,Under Construction,Signs,26,3
1,Minor,5:06,Thursday,Hazy,Dawn,National Highway,Wet,Unknown,35,2
0,Minor,15:32,Monday,Foggy,Daylight,Village Road,Dry,Signals,42,4
1,Minor,5:12,Saturday,Rainy,Daylight,National Highway,Icy,Unknown,77,4
0,Serious,12:26,Sunday,Foggy,Dark,State Highway,Under Construction,None,106,2
0,Minor,7:31,Friday,Hazy,Dark,Urban Road,Wet,Guard,50,2
0,Minor,4:16,Sunday,Clear,Daylight,State Highway,Icy,Signals,88,1
0,Minor,18:48,Wednesday,Foggy,Dark,State Highway,Wet,Signals,25,5
0,Minor,7:00,Monday,Foggy,Daylight,Urban Road,Under Construction,Guard,84,4
1,Minor,5:37,Wednesday,Rainy,Dawn,National Highway,Under Construction,Guard,78,2
0,Minor,16:11,Sunday,Clear,Dawn,Urban Road,Under Construction,Signals,47,2
0,Minor,18:55,Friday,Stormy,Daylight,Village Road,Under Construction,Guard,37,5
0,Minor,20:52,Thursday,Stormy,Daylight,Urban Road,Icy,Signs,107,2
1,Minor,12:24,Sunday,Snowy,Dusk,State Highway,Icy,Guard,96,1
1,Serious,23:33,Tuesday,Foggy,Dusk,Urban Road,Wet,None,116,5
0,Minor,21:43,Sunday,Foggy,Dark,National Highway,Dry,None,29,1
1,Minor,1:06,Tuesday,Clear,Dark,State Highway,Under Construction,Signs,26,3
0,Minor,20:21,Thursday,Hazy,Daylight,Village Road,Wet,Guard,56,4
0,Minor,16:08,Sunday,Stormy,Daylight,National Highway,Wet,None,115,2
1,Minor,1:17,Monday,Snowy,Dusk,State Highway,Wet,Unknown,64,5
1,Minor,21:31,Monday,Clear,Dusk,Village Road,Under Construction,Guard,105,1
0,Minor,19:08,Wednesday,Foggy,Daylight,National Highway,Under Construction,Signs,35,4
0,Minor,10:45,Thursday,Stormy,Dawn,Village Road,Wet,Guard,107,4
0,Minor,9:51,Monday,Snowy,Dawn,Urban Road,Under Construction,Signals,33,2
1,Serious,22:30,Sunday,Rainy,Dark,Urban Road,Wet,Signals,30,4
0,Minor,14:38,Thursday,Stormy,Daylight,Village Road,Icy,None,102,2
0,Minor,12:19,Friday,Snowy,Daylight,Urban Road,Under Construction,Signals,106,3
0,Minor,13:08,Tuesday,Clear,Dark,Village Road,Icy,Signs,53,2
0,Minor,7:32,Sunday,Rainy,Dusk,National Highway,Dry,None,79,1
0,Minor,16:53,Tuesday,Snowy,Dusk,State Highway,Under Construction,Signs,32,4
1,Minor,9:00,Tuesday,Snowy,Dawn,Village Road,Dry,Signs,58,4
0,Minor,12:59,Thursday,Foggy,Daylight,State Highway,Wet,Signals,63,4
0,Minor,2:18,Thursday,Hazy,Dusk,State Highway,Under Construction,Signals,47,2
0,Minor,1:41,Wednesday,Stormy,Dawn,Village Road,Under Construction,Signs,59,5
1,Minor,6:31,Tuesday,Foggy,Dawn,Urban Road,Under Construction,Signals,35,2
0,Minor,0:06,Wednesday,Rainy,Dawn,National Highway,Dry,Signals,69,1
0,Minor,5:01,Tuesday,Hazy,Dusk,State Highway,Dry,Signals,47,2
1,Fatal,20:39,Wednesday,Snowy,Dusk,National Highway,Wet,Guard,87,4
1,Minor,11:22,Wednesday,Foggy,Daylight,State Highway,Icy,Signs,111,3
1,Minor,23:38,Friday,Hazy,Daylight,Village Road,Icy,Unknown,79,1
1,Minor,17:41,Wednesday,Stormy,Dawn,Urban Road,Dry,Signs,31,3
0,Minor,12:06,Thursday,Rainy,Dawn,National Highway,Under Construction,None,35,1
1,Minor,5:55,Wednesday,Clear,Dusk,State Highway,Icy,Signals,72,1
0,Minor,0:44,Tuesday,Foggy,Dusk,Village Road,Icy,Signals,73,4
1,Minor,23:16,Wednesday,Rainy,Daylight,Village Road,Dry,Unknown,68,2
1,Minor,11:27,Monday,Clear,Daylight,State Highway,Wet,None,55,4
1,Serious,15:25,Saturday,Foggy,Dark,State Highway,Dry,Guard,81,4
0,Minor,23:09,Tuesday,Rainy,Daylight,State Highway,Dry,Signs,103,4
0,Minor,7:15,Monday,Rainy,Dusk,Urban Road,Under Construction,Guard,45,3
0,Minor,15:24,Tuesday,Hazy,Dawn,State Highway,Dry,None,75,1
1,Serious,11:03,Thursday,Foggy,Dark,State Highway,Under Construction,Unknown,109,5
1,Minor,17:57,Saturday,Rainy,Daylight,Urban Road,Wet,None,41,2
0,Minor,23:46,Saturday,Snowy,Daylight,Village Road,Under Construction,Unknown,92,4
0,Minor,1:12,Thursday,Foggy,Dusk,State Highway,Wet,Guard,88,1
0,Serious,23:17,Saturday,Rainy,Dark,National Highway,Wet,Guard,100,2
1,Minor,2:01,Thursday,Hazy,Daylight,Village Road,Wet,None,68,5
1,Minor,5:08,Monday,Clear,Dawn,National Highway,Dry,None,117,5
0,Minor,14:17,Friday,Clear,Dusk,State Highway,Under Construction,Signals,21,4
0,Minor,11:19,Tuesday,Snowy,Dark,Urban Road,Icy,Unknown,72,5
1,Minor,8:10,Thursday,Foggy,Daylight,Urban Road,Dry,Signals,26,5
1,Fatal,13:22,Tuesday,Hazy,Daylight,Urban Road,Wet,Signs,119,2
0,Serious,5:28,Monday,Rainy,Dark,State Highway,Icy,Signs,96,2
0,Minor,1:19,Friday,Rainy,Dusk,State Highway,Dry,None,39,4
0,Serious,9:54,Monday,Clear,Dark,National Highway,Icy,Guard,113,1
0,Minor,0:06,Saturday,Hazy,Dark,Urban Road,Wet,Signs,49,4
0,Minor,17:32,Tuesday,Snowy,Dusk,State Highway,Icy,Signs,94,3
0,Minor,4:18,Sunday,Clear,Daylight,Village Road,Icy,Signals,114,5
1,Serious,20:13,Friday,Clear,Dawn,State Highway,Wet,Signals,86,1
0,Minor,9:25,Saturday,Snowy,Dusk,State Highway,Icy,Signs,78,2
1,Minor,14:20,Friday,Foggy,Dawn,Village Road,Dry,None,85,3
0,Minor,5:11,Saturday,Rainy,Daylight,Urban Road,Icy,Signals,22,3
0,Minor,3:52,Monday,Foggy,Dark,Village Road,Under Construction,Signs,75,5
0,Minor,1:12,Thursday,Hazy,Dawn,Urban Road,Dry,Guard,98,2
0,Minor,5:10,Tuesday,Stormy,Daylight,Village Road,Icy,Signals,36,1
1,Minor,4:13,Wednesday,Stormy,Daylight,National Highway,Under Construction,Signs,71,2
1,Minor,9:07,Wednesday,Stormy,Dark,Urban Road,Under Construction,Unknown,26,5
0,Minor,0:33,Monday,Snowy,Dark,State Highway,Under Construction,Signals,24,3
0,Minor,10:02,Tuesday,Clear,Daylight,National Highway,Icy,Unknown,117,5
1,Serious,5:34,Tuesday,Foggy,Daylight,Urban Road,Wet,Signals,116,4
0,Minor,16:17,Monday,Rainy,Dawn,Urban Road,Under Construction,Signals,73,3
0,Minor,21:32,Tuesday,Stormy,Daylight,Urban Road,Wet,Unknown,80,5
1,Minor,21:02,Thursday,Foggy,Daylight,Village Road,Dry,None,35,1
0,Minor,0:17,Monday,Stormy,Dawn,Urban Road,Wet,Signs,86,1
0,Minor,15:12,Thursday,Stormy,Dusk,State Highway,Wet,None,78,1
0,Minor,23:13,Tuesday,Rainy,Dawn,Urban Road,Wet,None,66,4
1,Minor,17:35,Monday,Hazy,Dawn,State Highway,Wet,Signs,67,2
0,Fatal,20:44,Tuesday,Hazy,Dark,State Highway,Wet,Guard,83,1
0,Minor,7:55,Monday,Hazy,Dawn,State Highway,Dry,None,69,4
1,Minor,16:26,Tuesday,Snowy,Daylight,National Highway,Dry,None,104,1
0,Minor,15:20,Thursday,Clear,Daylight,State Highway,Wet,None,60,4
1,Serious,1:20,Sunday,Snowy,Daylight,Village Road,Wet,Guard,91,1
0,Minor,9:52,Thursday,Foggy,Dusk,Urban Road,Under Construction,Signals,41,2
1,Minor,14:17,Tuesday,Snowy,Daylight,Village Road,Dry,Unknown,73,5
0,Minor,7:34,Monday,Foggy,Dusk,National Highway,Icy,Unknown,24,1
0,Minor,11:10,Wednesday,Foggy,Daylight,Urban Road,Dry,Guard,36,5
0,Minor,4:38,Thursday,Clear,Dawn,State Highway,Icy,None,97,1
0,Minor,6:38,Thursday,Rainy,Dark,Urban Road,Under Construction,Unknown,60,2
1,Serious,15:24,Saturday,Clear,Daylight,National Highway,Wet,Guard,111,5
1,Minor,14:16,Wednesday,Hazy,Dusk,National Highway,Under Construction,Signs,114,4
0,Minor,7:44,Tuesday,Hazy,Dusk,Village Road,Wet,Unknown,100,1
0,Minor,12:34,Sunday,Snowy,Dark,Urban Road,Dry,Signs,54,1
1,Minor,13:38,Monday,Foggy,Daylight,Urban Road,Wet,None,59,4
1,Minor,5:29,Saturday,Stormy,Dawn,Urban Road,Icy,Unknown,41,2
0,Minor,1:11,Tuesday,Stormy,Daylight,Village Road,Icy,Guard,67,3
0,Minor,17:30,Friday,Foggy,Daylight,National Highway,Under Construction,Signals,72,1
0,Fatal,1:33,Sunday,Clear,Dark,State Highway,Dry,Unknown,112,4
0,Minor,17:27,Thursday,Rainy,Daylight,Urban Road,Icy,Unknown,29,3
0,Minor,18:39,Friday,Clear,Dawn,Village Road,Under Construction,Unknown,37,1
0,Minor,14:00,Thursday,Foggy,Dusk,Village Road,Dry,Unknown,118,5
0,Fatal,1:02,Thursday,Foggy,Dark,State Highway,Dry,Guard,99,4
1,Minor,1:18,Friday,Rainy,Dawn,National Highway,Under Construction,Guard,68,5
0,Minor,1:19,Sunday,Snowy,Dusk,Urban Road,Icy,Signals,90,2
0,Minor,15:32,Friday,Snowy,Dark,Urban Road,Icy,Guard,49,3
0,Minor,17:17,Tuesday,Rainy,Dark,Village Road,Under Construction,Guard,38,4
0,Minor,10:44,Saturday,Snowy,Dusk,National Highway,Icy,None,74,1
0,Minor,7:23,Saturday,Stormy,Dusk,Urban Road,Under Construction,None,79,1
0,Minor,16:41,Friday,Snowy,Dawn,State Highway,Icy,Signs,106,3
0,Minor,7:41,Tuesday,Snowy,Daylight,National Highway,Icy,Signals,91,5
0,Minor,15:08,Saturday,Snowy,Daylight,National Highway,Under Construction,None,100,5
0,Minor,11:47,Tuesday,Stormy,Daylight,Village Road,Under Construction,Signals,40,4
0,Minor,12:09,Tuesday,Snowy,Daylight,Village Road,Icy,Signals,45,4
1,Minor,15:24,Thursday,Hazy,Daylight,Urban Road,Under Construction,Unknown,47,5
0,Minor,23:05,Saturday,Stormy,Dawn,Village Road,Icy,Signals,58,4
1,Serious,18:21,Saturday,Rainy,Dark,National Highway,Wet,Unknown,52,5
0,Minor,20:13,Thursday,Clear,Dawn,Urban Road,Dry,Signs,59,3
0,Minor,0:28,Friday,Rainy,Dawn,Urban Road,Dry,Signs,102,4
0,Minor,13:25,Thursday,Clear,Dawn,National Highway,Icy,Signs,48,5
0,Minor,14:35,Saturday,Rainy,Dark,Urban Road,Dry,Unknown,39,4
1,Minor,14:00,Saturday,Hazy,Dawn,State Highway,Icy,Unknown,39,1
1,Minor,6:35,Sunday,Clear,Dawn,State Highway,Under Construction,Signs,93,1
1,Serious,16:06,Friday,Clear,Dark,Urban Road,Wet,Unknown,31,2
0,Minor,11:20,Thursday,Foggy,Dawn,Village Road,Dry,Guard,116,5
0,Minor,16:46,Monday,Clear,Daylight,State Highway,Dry,Guard,44,2
0,Minor,11:19,Monday,Clear,Dusk,Urban Road,Under Construction,Unknown,44,5
0,Minor,13:35,Friday,Foggy,Dawn,State Highway,Wet,Unknown,23,4
0,Minor,22:54,Thursday,Snowy,Dusk,Village Road,Wet,None,23,5
0,Minor,18:57,Thursday,Snowy,Dawn,National Highway,Wet,None,28,1
0,Minor,6:19,Tuesday,Foggy,Dawn,Urban Road,Under Construction,Signals,34,4
0,Minor,18:52,Saturday,Stormy,Daylight,Urban Road,Dry,Signals,45,1
1,Serious,9:48,Wednesday,Clear,Dark,Urban Road,Dry,Signals,98,4
1,Serious,11:31,Sunday,Clear,Dusk,Urban Road,Wet,Signs,109,5
1,Fatal,20:42,Friday,Foggy,Dark,Urban Road,Under Construction,Guard,111,5
0,Minor,18:53,Wednesday,Foggy,Daylight,Urban Road,Under Construction,Signs,90,1
0,Minor,10:01,Wednesday,Stormy,Daylight,Village Road,Under Construction,Unknown,51,3
0,Minor,12:40,Friday,Hazy,Dusk,National Highway,Wet,None,95,5
1,Serious,14:05,Thursday,Snowy,Dark,Village Road,Under Construction,Unknown,118,3
0,Minor,10:25,Friday,Rainy,Daylight,Village Road,Wet,Unknown,71,4
0,Minor,7:51,Wednesday,Hazy,Dawn,National Highway,Wet,None,51,3
1,Minor,21:33,Saturday,Snowy,Dawn,Village Road,Wet,Unknown,28,1
0,Minor,23:30,Sunday,Clear,Dawn,State Highway,Icy,Signals,97,2
0,Minor,21:43,Sunday,Hazy,Dark,Village Road,Wet,None,32,2
0,Minor,13:36,Saturday,Foggy,Dawn,Urban Road,Under Construction,Unknown,75,1
0,Minor,5:27,Saturday,Stormy,Dawn,State Highway,Icy,Signals,63,2
0,Minor,19:11,Thursday,Snowy,Daylight,State Highway,Dry,Signals,116,1
0,Minor,11:07,Monday,Stormy,Daylight,National Highway,Dry,Guard,115,5
0,Minor,20:03,Friday,Snowy,Dawn,Village Road,Under Construction,Signals,102,3
0,Minor,16:55,Sunday,Hazy,Dawn,Village Road,Under Construction,Signs,49,2
1,Minor,7:39,Saturday,Clear,Daylight,State Highway,Under Construction,None,35,5
0,Minor,5:34,Friday,Rainy,Dusk,Village Road,Under Construction,None,31,2
0,Serious,17:45,Sunday,Stormy,Dark,Village Road,Icy,None,93,4
0,Serious,13:26,Saturday,Stormy,Dark,National Highway,Under Construction,Unknown,85,1
1,Minor,3:40,Sunday,Rainy,Daylight,State Highway,Wet,Unknown,37,1
0,Minor,14:47,Thursday,Stormy,Dark,Urban Road,Dry,Signs,32,5
0,Minor,5:59,Monday,Stormy,Daylight,State Highway,Under Construction,Signals,112,4
1,Minor,0:51,Monday,Snowy,Daylight,National Highway,Wet,Unknown,43,3
1,Minor,12:22,Saturday,Snowy,Daylight,National Highway,Under Construction,Signals,31,4
0,Minor,12:51,Sunday,Rainy,Daylight,National Highway,Wet,Signals,79,4
1,Minor,4:59,Thursday,Clear,Dusk,Village Road,Icy,Unknown,79,3
0,Minor,14:52,Tuesday,Hazy,Dawn,State Highway,Dry,Unknown,112,3
0,Minor,22:32,Friday,Hazy,Dawn,Village Road,Dry,Signs,105,4
0,Minor,1:02,Friday,Stormy,Dusk,Village Road,Icy,Guard,119,2
0,Minor,13:32,Wednesday,Clear,Dark,State Highway,Wet,None,20,2
1,Minor,8:33,Thursday,Rainy,Dark,National Highway,Under Construction,Unknown,62,4
0,Minor,2:44,Sunday,Rainy,Dawn,Urban Road,Wet,Unknown,74,2
0,Minor,13:43,Wednesday,Snowy,Dark,Urban Road,Dry,Signals,59,3
1,Minor,8:55,Saturday,Stormy,Dawn,State Highway,Icy,Guard,83,3
1,Minor,22:21,Sunday,Foggy,Dawn,State Highway,Icy,Unknown,53,2
0,Minor,0:22,Wednesday,Rainy,Dusk,National Highway,Wet,Guard,53,3
0,Minor,9:46,Monday,Stormy,Dark,State Highway,Wet,None,67,1
0,Minor,22:16,Friday,Clear,Dusk,State Highway,Icy,Signals,52,3
1,Minor,21:21,Sunday,Snowy,Dawn,National Highway,Dry,Signs,87,4
0,Minor,18:28,Wednesday,Hazy,Dawn,National Highway,Under Construction,None,49,5
1,Minor,19:13,Monday,Clear,Dawn,Village Road,Under Construction,Guard,103,2
0,Minor,12:20,Thursday,Rainy,Daylight,State Highway,Wet,Guard,109,2
0,Minor,13:46,Wednesday,Rainy,Daylight,Urban Road,Icy,None,98,3
0,Minor,9:54,Saturday,Clear,Daylight,State Highway,Icy,Guard,90,3
0,Minor,0:16,Saturday,Rainy,Dusk,Urban Road,Icy,Signs,90,5
0,Minor,9:13,Saturday,Stormy,Dawn,Urban Road,Dry,Signs,48,5
1,Serious,19:01,Sunday,Rainy,Dark,Urban Road,Wet,Guard,42,4
0,Minor,20:32,Friday,Snowy,Dusk,Village Road,Wet,Guard,53,1
0,Minor,2:44,Wednesday,Stormy,Dusk,National Highway,Wet,Signs,103,4
1,Minor,10:25,Thursday,Foggy,Dusk,National Highway,Dry,Guard,34,2
0,Serious,13:01,Wednesday,Rainy,Dark,Village Road,Wet,Unknown,116,3
1,Minor,3:55,Friday,Rainy,Dawn,National Highway,Under Construction,Signals,72,4
0,Minor,19:19,Monday,Snowy,Daylight,Village Road,Wet,Unknown,36,3
0,Minor,12:21,Friday,Snowy,Dawn,State Highway,Wet,Guard,83,3
0,Minor,23:19,Saturday,Hazy,Dawn,Village Road,Wet,Guard,103,4
0,Minor,10:59,Sunday,Clear,Dusk,National Highway,Dry,Signals,80,4
1,Minor,21:58,Monday,Clear,Dusk,National Highway,Under Construction,Guard,76,5
0,Minor,13:31,Sunday,Clear,Dusk,State Highway,Under Construction,Signals,96,1
0,Minor,10:40,Saturday,Snowy,Daylight,Village Road,Icy,Signs,107,5
0,Minor,21:13,Tuesday,Clear,Daylight,State Highway,Icy,Signals,56,1
0,Minor,21:32,Friday,Clear,Daylight,Urban Road,Under Construction,Signals,26,4
1,Minor,0:48,Friday,Foggy,Dawn,Village Road,Wet,Unknown,27,1
0,Minor,14:13,Thursday,Clear,Dusk,State Highway,Wet,Guard,106,2
0,Serious,8:40,Wednesday,Rainy,Dark,State Highway,Wet,Signs,97,5
1,Minor,11:00,Monday,Hazy,Dawn,National Highway,Dry,None,87,5
0,Minor,0:52,Sunday,Snowy,Daylight,Village Road,Wet,Signals,40,5
1,Minor,22:44,Monday,Stormy,Dark,Urban Road,Dry,None,80,3
0,Serious,20:14,Thursday,Hazy,Dark,Urban Road,Under Construction,Guard,93,3
0,Minor,11:01,Thursday,Foggy,Dusk,Village Road,Wet,Signals,105,4
0,Serious,18:06,Sunday,Snowy,Dark,Village Road,Wet,None,113,4
1,Minor,20:14,Wednesday,Snowy,Daylight,State Highway,Icy,Unknown,113,3
1,Minor,21:48,Sunday,Rainy,Dusk,National Highway,Under Construction,None,99,5
0,Fatal,1:37,Sunday,Hazy,Dark,National Highway,Wet,Unknown,94,3
0,Minor,4:49,Saturday,Hazy,Dusk,National Highway,Dry,Signs,105,1
0,Minor,20:57,Wednesday,Clear,Dark,Village Road,Under Construction,Guard,48,5
0,Minor,20:19,Friday,Rainy,Dawn,National Highway,Icy,None,44,3
0,Minor,18:36,Saturday,Clear,Dawn,State Highway,Under Construction,Signals,77,4
1,Minor,13:04,Tuesday,Clear,Daylight,Village Road,Dry,Guard,33,3
0,Minor,4:06,Wednesday,Snowy,Dawn,Village Road,Icy,None,97,2
0,Minor,19:08,Thursday,Hazy,Dawn,National Highway,Dry,Signals,85,3
0,Minor,9:24,Saturday,Clear,Dawn,Urban Road,Under Construction,Signals,73,5
0,Serious,20:37,Wednesday,Foggy,Dark,Urban Road,Icy,Signals,96,3
0,Serious,12:54,Monday,Foggy,Dark,State Highway,Dry,Signals,86,4
0,Minor,13:52,Sunday,Hazy,Dusk,National Highway,Under Construction,None,49,1
1,Minor,19:36,Tuesday,Foggy,Dark,National Highway,Dry,Signs,37,2
0,Minor,23:29,Friday,Snowy,Dawn,Village Road,Wet,Unknown,73,5
0,Serious,12:32,Sunday,Rainy,Dark,Village Road,Under Construction,Unknown,119,4
0,Minor,19:44,Monday,Stormy,Daylight,National Highway,Icy,Unknown,40,2
1,Minor,20:33,Monday,Clear,Dusk,Village Road,Icy,Signs,72,3
1,Serious,1:45,Tuesday,Stormy,Dusk,National Highway,Wet,Signals,102,2
0,Minor,8:41,Friday,Rainy,Dark,State Highway,Dry,Signals,35,1
1,Minor,21:28,Thursday,Rainy,Dawn,Village Road,Dry,Guard,47,2
0,Minor,11:39,Saturday,Snowy,Dusk,National Highway,Icy,Unknown,23,2
0,Minor,17:46,Friday,Foggy,Daylight,Village Road,Dry,Unknown,74,3
0,Minor,7:10,Wednesday,Foggy,Daylight,State Highway,Under Construction,Signals,34,3
0,Minor,7:51,Monday,Rainy,Dusk,Village Road,Under Construction,Unknown,83,5
0,Minor,8:03,Wednesday,Snowy,Dawn,National Highway,Icy,Signals,84,3
1,Minor,22:13,Thursday,Snowy,Dawn,Village Road,Under Construction,Signals,35,2
1,Minor,8:19,Wednesday,Hazy,Dark,Village Road,Icy,Signals,39,1
0,Serious,18:31,Friday,Clear,Dark,National Highway,Dry,None,83,3
0,Minor,23:56,Wednesday,Foggy,Dusk,Urban Road,Dry,None,52,5
0,Serious,5:06,Thursday,Rainy,Dark,Village Road,Dry,None,100,5
0,Serious,10:11,Thursday,Hazy,Dark,Village Road,Wet,None,88,2
0,Serious,12:22,Thursday,Stormy,Dark,State Highway,Icy,Signs,88,3
0,Minor,22:03,Friday,Foggy,Daylight,Urban Road,Under Construction,Guard,77,3
0,Minor,11:33,Thursday,Clear,Dark,State Highway,Dry,Guard,58,5
1,Serious,6:08,Monday,Snowy,Dusk,National Highway,Wet,Signals,96,3
0,Minor,19:16,Sunday,Rainy,Dawn,National Highway,Under Construction,Unknown,55,2
0,Serious,3:24,Thursday,Foggy,Dark,State Highway,Under Construction,None,113,1
1,Minor,5:59,Wednesday,Stormy,Dawn,Village Road,Under Construction,Guard,87,2
0,Fatal,15:23,Saturday,Clear,Dark,Urban Road,Dry,Guard,106,3
0,Minor,6:06,Wednesday,Clear,Dusk,State Highway,Under Construction,None,40,2
0,Minor,12:18,Saturday,Hazy,Daylight,State Highway,Icy,Signs,82,4
0,Minor,6:56,Wednesday,Foggy,Dusk,National Highway,Wet,Signs,104,4
1,Minor,5:42,Friday,Stormy,Daylight,Village Road,Under Construction,Guard,25,3
0,Minor,13:20,Wednesday,Clear,Dark,Urban Road,Under Construction,Signs,43,3
0,Minor,4:43,Friday,Rainy,Dark,State Highway,Icy,None,72,1
1,Minor,10:16,Friday,Clear,Daylight,Urban Road,Under Construction,Guard,114,2
1,Minor,15:15,Thursday,Stormy,Dusk,Urban Road,Dry,None,102,1
1,Minor,2:00,Monday,Snowy,Dusk,State Highway,Dry,Signs,95,3
0,Minor,5:08,Saturday,Snowy,Daylight,Urban Road,Dry,None,97,3
0,Minor,4:39,Thursday,Hazy,Dark,National Highway,Under Construction,Signs,69,5
1,Minor,18:21,Thursday,Foggy,Daylight,Village Road,Wet,Signs,31,1
1,Serious,18:58,Sunday,Stormy,Dark,Village Road,Wet,None,75,3
0,Minor,23:40,Friday,Hazy,Daylight,Village Road,Under Construction,Signs,34,4
0,Fatal,4:50,Friday,Clear,Dark,National Highway,Wet,Signals,102,5
0,Minor,6:57,Saturday,Clear,Daylight,National Highway,Wet,None,111,2
1,Minor,11:38,Wednesday,Snowy,Dawn,National Highway,Under Construction,Signals,59,5
0,Minor,9:31,Wednesday,Hazy,Dark,Village Road,Dry,None,60,2
0,Minor,21:51,Thursday,Snowy,Dusk,Urban Road,Under Construction,Signs,88,4
0,Minor,17:54,Tuesday,Rainy,Daylight,National Highway,Dry,Signs,88,2
0,Minor,16:40,Tuesday,Snowy,Dusk,State Highway,Dry,Guard,25,1
1,Fatal,4:31,Wednesday,Rainy,Daylight,National Highway,Wet,Guard,106,2
0,Minor,7:52,Tuesday,Clear,Dusk,State Highway,Wet,Signals,86,2
1,Minor,0:45,Sunday,Hazy,Dusk,Village Road,Dry,Signs,52,5
1,Minor,11:47,Wednesday,Rainy,Daylight,State Highway,Dry,Guard,62,4
0,Minor,14:14,Friday,Hazy,Daylight,National Highway,Wet,Signs,40,2
0,Minor,20:55,Thursday,Hazy,Dusk,National Highway,Icy,None,103,1
0,Minor,20:32,Monday,Rainy,Dusk,Urban Road,Dry,Guard,84,5
1,Minor,0:08,Thursday,Foggy,Dusk,Village Road,Dry,Signals,36,4
0,Serious,3:57,Wednesday,Snowy,Dark,State Highway,Dry,Guard,112,4
0,Minor,15:29,Sunday,Rainy,Dark,Village Road,Wet,Signs,27,3
1,Minor,23:49,Wednesday,Clear,Dawn,National Highway,Under Construction,Unknown,83,1
0,Serious,23:38,Thursday,Hazy,Dark,Urban Road,Dry,Unknown,109,5
1,Minor,3:47,Sunday,Stormy,Dark,National Highway,Dry,Signs,47,5
0,Minor,19:33,Sunday,Rainy,Daylight,National Highway,Dry,None,117,1
0,Minor,1:47,Sunday,Snowy,Dawn,National Highway,Under Construction,Guard,109,4
0,Minor,23:58,Saturday,Hazy,Dawn,State Highway,Under Construction,Unknown,32,2
1,Minor,12:05,Wednesday,Foggy,Dark,National Highway,Dry,None,32,1
0,Minor,1:25,Tuesday,Clear,Daylight,Village Road,Dry,Signs,57,5
1,Minor,18:44,Tuesday,Foggy,Daylight,Village Road,Icy,None,44,1
1,Minor,10:05,Wednesday,Stormy,Dawn,Urban Road,Under Construction,Signs,81,4
0,Minor,7:06,Wednesday,Rainy,Daylight,Village Road,Icy,Guard,42,3
1,Minor,7:30,Saturday,Hazy,Dusk,National Highway,Dry,None,105,3
0,Minor,18:17,Tuesday,Rainy,Dark,National Highway,Dry,Guard,40,2
0,Minor,17:59,Wednesday,Snowy,Dusk,Village Road,Dry,None,73,2
0,Minor,21:32,Wednesday,Rainy,Dawn,Urban Road,Dry,Signs,82,4
1,Minor,15:22,Saturday,Clear,Dawn,Urban Road,Wet,Signs,49,2
0,Minor,14:17,Saturday,Stormy,Daylight,Village Road,Wet,None,94,3
0,Minor,11:23,Thursday,Foggy,Daylight,State Highway,Wet,Signs,87,4
0,Minor,2:52,Saturday,Stormy,Dawn,State Highway,Icy,Signals,116,4
0,Minor,15:44,Monday,Hazy,Dawn,State Highway,Under Construction,Signals,95,4
0,Minor,1:50,Tuesday,Rainy,Dusk,State Highway,Dry,Guard,92,1
1,Minor,20:19,Thursday,Hazy,Dusk,Village Road,Under Construction,Signals,51,2
1,Serious,9:12,Monday,Foggy,Daylight,Urban Road,Wet,Signals,94,5
0,Minor,3:46,Wednesday,Hazy,Dusk,National Highway,Dry,Unknown,43,3
1,Minor,22:09,Wednesday,Snowy,Daylight,National Highway,Dry,Unknown,26,2
0,Minor,10:56,Thursday,Stormy,Daylight,Village Road,Icy,Unknown,91,3
1,Serious,2:38,Saturday,Foggy,Dark,National Highway,Under Construction,Unknown,116,2
0,Minor,15:49,Sunday,Foggy,Daylight,State Highway,Icy,Signs,108,5
0,Minor,17:51,Sunday,Foggy,Dusk,Urban Road,Wet,Guard,20,3
0,Minor,14:13,Wednesday,Clear,Dawn,Village Road,Under Construction,Guard,22,5
1,Minor,20:59,Sunday,Stormy,Dawn,Urban Road,Wet,Signals,47,3
0,Minor,9:29,Friday,Hazy,Dusk,Village Road,Icy,Guard,62,1
0,Minor,14:05,Thursday,Foggy,Dawn,Village Road,Icy,Signals,116,1
0,Minor,13:19,Monday,Stormy,Daylight,Village Road,Dry,Guard,65,3
0,Minor,23:11,Thursday,Foggy,Dawn,Village Road,Under Construction,None,20,3
0,Minor,11:38,Tuesday,Snowy,Dusk,Urban Road,Under Construction,None,57,5
1,Minor,19:49,Saturday,Snowy,Dawn,National Highway,Dry,Guard,110,4
1,Minor,19:06,Saturday,Snowy,Daylight,Village Road,Under Construction,Signs,54,3
0,Minor,1:11,Thursday,Rainy,Daylight,State Highway,Wet,Signals,93,2
1,Serious,5:32,Wednesday,Foggy,Dusk,Village Road,Wet,Guard,95,2
0,Minor,16:34,Wednesday,Rainy,Dusk,Urban Road,Icy,Signals,93,2
1,Minor,4:11,Friday,Stormy,Dusk,Village Road,Wet,Unknown,73,1
1,Serious,7:14,Friday,Rainy,Dark,State Highway,Under Construction,Guard,117,5
0,Minor,12:22,Saturday,Stormy,Dark,Urban Road,Dry,Signs,43,1
1,Minor,15:28,Friday,Stormy,Daylight,Village Road,Icy,Unknown,47,2
0,Minor,1:16,Monday,Stormy,Dark,State Highway,Dry,Guard,41,3
0,Minor,16:20,Friday,Hazy,Dark,Urban Road,Icy,None,35,2
1,Minor,13:42,Monday,Rainy,Dawn,Village Road,Icy,Guard,32,3
0,Serious,7:28,Friday,Hazy,Dark,State Highway,Dry,None,119,5
0,Minor,18:30,Saturday,Foggy,Dawn,Urban Road,Wet,None,119,4
0,Minor,20:38,Saturday,Rainy,Dusk,Village Road,Wet,Guard,81,3
1,Minor,10:22,Monday,Foggy,Dawn,Urban Road,Wet,Guard,62,1
0,Minor,10:56,Thursday,Foggy,Dawn,State Highway,Wet,None,106,2
0,Minor,2:02,Saturday,Stormy,Dusk,Village Road,Dry,Signals,97,2
1,Minor,10:20,Thursday,Rainy,Dusk,Village Road,Under Construction,Unknown,51,2
1,Minor,2:46,Wednesday,Foggy,Daylight,Village Road,Icy,Signs,86,3
0,Minor,4:39,Monday,Snowy,Daylight,State Highway,Dry,Guard,110,5
0,Minor,19:58,Sunday,Foggy,Daylight,National Highway,Wet,Unknown,102,3
0,Minor,22:15,Saturday,Snowy,Daylight,Village Road,Wet,Unknown,105,1
0,Minor,20:09,Tuesday,Rainy,Dawn,State Highway,Dry,Signals,76,2
0,Minor,7:04,Wednesday,Hazy,Dawn,Urban Road,Icy,Unknown,84,3
1,Minor,15:02,Thursday,Rainy,Daylight,Urban Road,Dry,Guard,88,2
0,Minor,8:56,Saturday,Hazy,Dark,State Highway,Dry,Unknown,68,1
0,Minor,6:43,Monday,Hazy,Daylight,National Highway,Under Construction,Guard,52,4
0,Minor,1:28,Sunday,Rainy,Dark,State Highway,Dry,Guard,38,4
1,Minor,12:50,Friday,Foggy,Dusk,Urban Road,Under Construction,None,55,4
0,Minor,8:44,Sunday,Clear,Dawn,Urban Road,Icy,Signals,89,2
1,Minor,22:17,Tuesday,Foggy,Dawn,Village Road,Dry,Signs,34,3
0,Serious,19:02,Thursday,Foggy,Dark,National Highway,Dry,None,119,2
0,Minor,0:41,Wednesday,Stormy,Daylight,State Highway,Wet,Signs,116,5
0,Minor,19:05,Sunday,Stormy,Dawn,Urban Road,Dry,Guard,43,3
0,Minor,20:40,Monday,Foggy,Dark,Urban Road,Wet,None,46,1
0,Minor,16:01,Tuesday,Snowy,Dusk,Urban Road,Wet,Unknown,68,4
0,Minor,3:05,Monday,Hazy,Dusk,State Highway,Wet,Unknown,94,3
0,Minor,1:48,Saturday,Stormy,Dawn,State Highway,Icy,Signs,42,3
1,Minor,9:51,Friday,Foggy,Daylight,National Highway,Under Construction,Guard,52,4
0,Minor,15:38,Wednesday,Clear,Dark,Village Road,Wet,Signs,60,1
1,Minor,5:12,Monday,Snowy,Dawn,Village Road,Dry,Signals,75,2
0,Minor,17:39,Thursday,Rainy,Dusk,Village Road,Dry,Unknown,48,2
0,Minor,3:48,Saturday,Foggy,Daylight,Urban Road,Wet,None,50,3
0,Serious,8:58,Saturday,Foggy,Dark,Village Road,Wet,None,84,4
0,Minor,2:04,Wednesday,Hazy,Dawn,Urban Road,Dry,None,117,5
0,Minor,13:58,Saturday,Snowy,Dark,National Highway,Wet,Unknown,37,1
0,Minor,19:22,Thursday,Stormy,Daylight,Urban Road,Under Construction,Guard,101,2
0,Minor,8:38,Monday,Stormy,Daylight,National Highway,Under Construction,Unknown,25,1
0,Minor,10:54,Wednesday,Stormy,Dusk,National Highway,Icy,Unknown,71,1
0,Minor,6:46,Saturday,Rainy,Daylight,Village Road,Wet,None,59,1
1,Minor,5:18,Saturday,Snowy,Dawn,Village Road,Icy,Unknown,84,4
1,Minor,17:28,Thursday,Snowy,Dark,Urban Road,Icy,None,61,4
1,Minor,11:45,Friday,Stormy,Daylight,State Highway,Icy,Guard,113,4
1,Serious,10:19,Friday,Stormy,Daylight,Village Road,Wet,Signals,87,3
0,Minor,9:42,Sunday,Hazy,Dawn,Village Road,Icy,None,51,4
0,Minor,7:16,Saturday,Clear,Dark,State Highway,Under Construction,Signs,29,3
1,Serious,22:34,Monday,Clear,Dark,State Highway,Icy,Signals,88,2
0,Minor,21:12,Wednesday,Foggy,Dusk,Village Road,Under Construction,Guard,28,2
0,Minor,20:19,Saturday,Foggy,Dusk,State Highway,Under Construction,Signals,88,2
0,Minor,16:07,Tuesday,Snowy,Dark,Urban Road,Wet,None,80,2
0,Minor,3:00,Wednesday,Snowy,Dawn,National Highway,Icy,Guard,30,2
0,Minor,17:08,Sunday,Rainy,Dawn,National Highway,Wet,Signs,118,4
1,Minor,8:51,Friday,Rainy,Dusk,Village Road,Under Construction,None,110,5
0,Minor,17:24,Saturday,Clear,Daylight,Village Road,Dry,None,87,4
0,Minor,16:59,Thursday,Foggy,Dawn,Urban Road,Icy,Guard,93,5
1,Serious,17:11,Tuesday,Clear,Daylight,State Highway,Wet,Guard,116,4
0,Minor,6:51,Saturday,Clear,Dawn,Village Road,Dry,Signals,27,2
0,Minor,9:52,Sunday,Foggy,Dark,National Highway,Icy,Signs,68,1
0,Minor,22:51,Monday,Rainy,Dusk,Urban Road,Icy,Signals,43,5
1,Minor,21:02,Tuesday,Hazy,Daylight,Urban Road,Wet,Signals,52,1
1,Minor,0:27,Sunday,Hazy,Daylight,State Highway,Dry,None,38,2
0,Minor,2:16,Saturday,Hazy,Dark,Village Road,Wet,Guard,21,5
1,Minor,11:25,Monday,Foggy,Dawn,Village Road,Icy,None,74,1
0,Minor,19:26,Tuesday,Stormy,Daylight,Urban Road,Icy,Signs,30,4
1,Minor,1:38,Monday,Stormy,Dawn,National Highway,Under Construction,Signals,118,2
1,Minor,19:44,Monday,Stormy,Dark,Village Road,Icy,Signs,36,4
1,Minor,19:35,Tuesday,Snowy,Dusk,National Highway,Icy,Guard,61,4
0,Minor,19:14,Tuesday,Rainy,Daylight,Urban Road,Dry,Guard,80,2
1,Minor,18:46,Monday,Rainy,Dawn,Village Road,Dry,Unknown,22,5
1,Minor,22:54,Sunday,Snowy,Daylight,National Highway,Under Construction,Signs,105,3
0,Minor,17:58,Friday,Clear,Dawn,Urban Road,Under Construction,None,54,3
1,Minor,10:00,Tuesday,Hazy,Dawn,National Highway,Under Construction,Signs,104,2
0,Minor,14:46,Saturday,Stormy,Dawn,Village Road,Wet,Signals,108,3
1,Serious,18:04,Wednesday,Hazy,Dark,State Highway,Wet,Guard,85,1
0,Minor,4:52,Thursday,Stormy,Dusk,National Highway,Under Construction,Guard,20,5
1,Minor,20:58,Monday,Hazy,Daylight,State Highway,Wet,Signs,26,4
0,Minor,21:06,Monday,Clear,Dusk,Village Road,Icy,Signs,39,4
0,Minor,21:15,Thursday,Hazy,Dawn,State Highway,Under Construction,Signs,62,2
0,Minor,11:08,Friday,Hazy,Dawn,Urban Road,Under Construction,Signals,25,4
0,Minor,7:30,Thursday,Foggy,Dusk,State Highway,Wet,Signals,74,1
0,Minor,11:43,Tuesday,Hazy,Dusk,National Highway,Dry,None,119,1
0,Minor,14:46,Thursday,Foggy,Daylight,National Highway,Under Construction,Signs,40,2
0,Minor,3:26,Monday,Rainy,Dawn,State Highway,Wet,None,70,4
0,Minor,15:53,Thursday,Snowy,Dusk,Urban Road,Wet,Unknown,65,3
0,Minor,20:20,Wednesday,Hazy,Dark,Village Road,Dry,Signals,54,3
1,Minor,23:41,Saturday,Rainy,Dawn,State Highway,Under Construction,Guard,119,5
0,Minor,0:05,Tuesday,Foggy,Dawn,National Highway,Dry,Unknown,27,2
1,Minor,17:15,Thursday,Hazy,Daylight,National Highway,Icy,Guard,87,5
1,Minor,7:07,Monday,Hazy,Dark,State Highway,Dry,Unknown,35,3
0,Minor,19:18,Sunday,Clear,Daylight,State Highway,Dry,None,86,3
0,Serious,12:54,Saturday,Rainy,Dark,State Highway,Wet,None,90,3
1,Minor,18:30,Tuesday,Stormy,Daylight,Village Road,Dry,Signals,83,5
0,Minor,0:01,Monday,Stormy,Dark,National Highway,Icy,Guard,21,2
0,Minor,14:41,Friday,Clear,Dark,National Highway,Wet,Unknown,20,1
0,Minor,18:10,Wednesday,Foggy,Dark,National Highway,Icy,Signs,77,1
1,Minor,22:57,Friday,Stormy,Dusk,Village Road,Dry,Signs,20,3
0,Minor,9:00,Wednesday,Stormy,Dawn,Urban Road,Icy,Signals,26,2
0,Serious,1:29,Thursday,Snowy,Dark,National Highway,Icy,Guard,107,2
1,Minor,12:55,Tuesday,Rainy,Dusk,National Highway,Dry,Signs,88,4
1,Minor,4:24,Thursday,Foggy,Dusk,Urban Road,Dry,Signals,104,4
0,Minor,19:43,Wednesday,Hazy,Daylight,Village Road,Wet,Signals,111,5
0,Minor,14:04,Wednesday,Rainy,Dawn,Urban Road,Wet,Guard,37,4
1,Minor,23:44,Wednesday,Foggy,Dawn,Urban Road,Under Construction,Signs,107,5
0,Minor,21:35,Saturday,Stormy,Daylight,Urban Road,Wet,Signs,51,1
0,Minor,11:42,Monday,Snowy,Dawn,Urban Road,Dry,Signs,64,3
0,Minor,6:47,Tuesday,Rainy,Daylight,Village Road,Icy,None,52,2
1,Minor,14:29,Thursday,Stormy,Dusk,Village Road,Icy,Signs,93,1
0,Minor,4:56,Thursday,Foggy,Dusk,Urban Road,Wet,Unknown,92,1
1,Serious,20:34,Friday,Rainy,Dark,State Highway,Wet,None,68,5
1,Minor,11:31,Wednesday,Hazy,Daylight,State Highway,Dry,None,52,3
0,Minor,4:02,Sunday,Rainy,Dusk,State Highway,Icy,None,116,5
0,Minor,15:44,Wednesday,Stormy,Dusk,State Highway,Under Construction,None,90,1
0,Minor,6:36,Wednesday,Rainy,Daylight,National Highway,Under Construction,Signals,87,2
0,Minor,1:43,Sunday,Hazy,Dusk,Village Road,Wet,Unknown,47,4
0,Minor,9:30,Thursday,Snowy,Dawn,Village Road,Under Construction,Guard,106,5
1,Minor,21:03,Friday,Snowy,Dusk,Urban Road,Dry,Signs,72,1
0,Minor,23:55,Monday,Stormy,Daylight,National Highway,Under Construction,None,115,4
1,Minor,0:58,Sunday,Foggy,Dawn,Urban Road,Wet,Guard,63,4
0,Minor,8:07,Saturday,Stormy,Dawn,Urban Road,Dry,Signals,99,1
0,Minor,5:11,Tuesday,Snowy,Dusk,Village Road,Icy,Guard,74,3
0,Minor,11:05,Sunday,Clear,Dark,National Highway,Dry,None,29,1
0,Minor,13:24,Monday,Clear,Dawn,State Highway,Wet,Unknown,33,2
1,Minor,1:12,Thursday,Rainy,Daylight,Village Road,Wet,Guard,55,4
0,Minor,2:01,Saturday,Hazy,Dark,National Highway,Under Construction,None,53,2
0,Serious,6:32,Saturday,Rainy,Dark,National Highway,Under Construction,None,107,5
0,Minor,9:00,Saturday,Clear,Dawn,Village Road,Icy,Signs,37,4
0,Minor,9:09,Wednesday,Snowy,Dusk,Village Road,Icy,Signs,35,3
0,Minor,4:41,Tuesday,Rainy,Dark,Urban Road,Wet,Unknown,56,1
0,Minor,7:51,Thursday,Stormy,Dusk,Urban Road,Wet,Signs,60,5
1,Minor,3:26,Thursday,Hazy,Dawn,Urban Road,Wet,Unknown,44,2
0,Minor,9:51,Saturday,Stormy,Daylight,State Highway,Icy,Signals,27,5
1,Serious,3:15,Thursday,Hazy,Dark,Village Road,Wet,Signals,107,3
0,Minor,21:51,Tuesday,Snowy,Daylight,National Highway,Icy,Signs,103,1
0,Minor,2:57,Tuesday,Rainy,Dusk,Village Road,Wet,Signals,113,5
0,Minor,10:46,Friday,Hazy,Dusk,National Highway,Dry,Guard,103,2
0,Minor,20:06,Sunday,Stormy,Daylight,State Highway,Dry,Guard,37,5
0,Minor,5:41,Sunday,Rainy,Dawn,Village Road,Wet,Guard,87,1
0,Minor,23:34,Friday,Rainy,Dawn,National Highway,Dry,Signals,67,5
0,Fatal,23:52,Monday,Stormy,Dark,National Highway,Icy,Guard,119,2
0,Fatal,8:06,Sunday,Clear,Dark,Urban Road,Under Construction,Unknown,89,1
0,Minor,23:37,Tuesday,Hazy,Dawn,State Highway,Dry,None,86,3
1,Minor,9:58,Tuesday,Stormy,Dawn,Village Road,Under Construction,Signs,37,3
0,Minor,11:50,Sunday,Snowy,Daylight,Urban Road,Dry,Unknown,37,4
0,Minor,16:17,Tuesday,Foggy,Dusk,State Highway,Icy,Guard,75,5
0,Minor,14:28,Friday,Stormy,Dusk,Urban Road,Dry,None,42,2
0,Minor,15:46,Saturday,Rainy,Dark,Village Road,Dry,Signs,54,5
0,Minor,13:06,Saturday,Rainy,Dawn,National Highway,Wet,Unknown,25,1
0,Minor,9:09,Thursday,Stormy,Daylight,Village Road,Under Construction,Signs,45,4
0,Serious,17:02,Saturday,Foggy,Dark,State Highway,Under Construction,Signals,104,2
0,Minor,3:55,Wednesday,Stormy,Daylight,Village Road,Icy,Guard,80,5
0,Minor,5:28,Friday,Foggy,Dawn,State Highway,Icy,Unknown,107,2
0,Minor,10:22,Tuesday,Foggy,Dawn,Urban Road,Under Construction,Unknown,34,1
0,Minor,3:27,Sunday,Snowy,Dawn,State Highway,Wet,None,110,4
0,Minor,22:36,Saturday,Hazy,Dusk,National Highway,Wet,None,51,2
0,Minor,19:49,Friday,Rainy,Dawn,National Highway,Under Construction,None,31,1
1,Minor,18:32,Saturday,Rainy,Dark,National Highway,Dry,Signs,24,3
0,Minor,0:08,Monday,Foggy,Dusk,Urban Road,Under Construction,Guard,83,2
0,Minor,12:52,Tuesday,Rainy,Daylight,State Highway,Dry,Signs,90,4
0,Serious,8:57,Monday,Clear,Dark,Urban Road,Under Construction,Guard,105,2
1,Minor,9:25,Tuesday,Foggy,Dark,Village Road,Dry,Unknown,46,2
0,Minor,11:28,Friday,Rainy,Daylight,Village Road,Wet,Signs,98,1
0,Minor,17:28,Thursday,Clear,Dusk,Village Road,Under Construction,Signs,64,5
0,Minor,5:17,Saturday,Snowy,Dark,Village Road,Icy,Signs,54,5
0,Minor,7:17,Saturday,Rainy,Dark,National Highway,Dry,Signals,45,2
0,Minor,1:41,Wednesday,Clear,Dark,State Highway,Wet,Guard,42,4
0,Minor,11:59,Sunday,Stormy,Dusk,National Highway,Icy,Guard,32,4
1,Serious,13:11,Monday,Hazy,Dusk,State Highway,Wet,Signs,109,1
0,Minor,9:38,Saturday,Stormy,Dusk,State Highway,Dry,Signals,22,2
1,Minor,16:37,Friday,Clear,Dark,Urban Road,Under Construction,Signs,48,2
1,Serious,20:10,Thursday,Foggy,Dawn,Village Road,Wet,Guard,85,5
0,Minor,20:47,Sunday,Foggy,Daylight,State Highway,Under Construction,Unknown,83,1
0,Minor,5:25,Friday,Rainy,Dawn,Village Road,Under Construction,Signals,47,3
0,Minor,21:15,Monday,Stormy,Dusk,Village Road,Wet,Signals,106,4
0,Minor,4:46,Wednesday,Foggy,Dark,Village Road,Wet,Signs,55,4
0,Minor,11:38,Saturday,Foggy,Dark,National Highway,Wet,Unknown,25,2
1,Minor,16:10,Friday,Stormy,Dawn,Village Road,Under Construction,Guard,30,1
1,Minor,5:58,Sunday,Snowy,Dawn,State Highway,Icy,None,57,3
0,Minor,13:35,Tuesday,Foggy,Daylight,National Highway,Dry,Guard,53,4
0,Serious,16:16,Thursday,Hazy,Dark,Village Road,Icy,Guard,100,1
1,Minor,22:04,Sunday,Clear,Dawn,Urban Road,Under Construction,Unknown,86,3
1,Minor,11:36,Friday,Rainy,Daylight,Village Road,Wet,Signals,65,2
1,Serious,5:15,Thursday,Foggy,Dusk,Village Road,Wet,Guard,117,5
0,Minor,7:21,Saturday,Hazy,Dawn,National Highway,Dry,Signals,105,4
0,Minor,1:00,Tuesday,Hazy,Dusk,State Highway,Dry,Unknown,48,4
0,Minor,13:04,Wednesday,Foggy,Daylight,Village Road,Icy,Unknown,79,3
0,Minor,14:44,Sunday,Snowy,Dusk,National Highway,Icy,Signs,73,5
0,Serious,21:53,Wednesday,Clear,Dark,National Highway,Dry,None,112,1
0,Serious,2:56,Tuesday,Rainy,Dark,State Highway,Under Construction,Unknown,88,2
0,Minor,18:38,Thursday,Foggy,Dusk,National Highway,Icy,Unknown,93,1
0,Serious,18:27,Saturday,Rainy,Dark,State Highway,Wet,Signals,93,3
0,Minor,15:41,Friday,Stormy,Daylight,Urban Road,Wet,Unknown,28,4
0,Serious,2:12,Tuesday,Hazy,Dark,Village Road,Under Construction,Guard,104,4
0,Minor,1:58,Monday,Hazy,Dusk,National Highway,Dry,Signs,96,1
0,Minor,6:25,Thursday,Foggy,Dusk,Urban Road,Icy,Signs,29,2
0,Minor,15:16,Wednesday,Foggy,Dusk,National Highway,Wet,Guard,94,3
1,Minor,0:48,Sunday,Stormy,Dawn,National Highway,Dry,Unknown,87,2
0,Minor,1:34,Tuesday,Snowy,Dusk,Urban Road,Icy,None,77,3
0,Minor,23:55,Wednesday,Foggy,Daylight,National Highway,Under Construction,Unknown,114,2
0,Minor,5:12,Thursday,Hazy,Dark,National Highway,Wet,Signs,71,1
1,Minor,7:17,Wednesday,Rainy,Dark,Urban Road,Under Construction,None,53,5
0,Minor,15:37,Tuesday,Clear,Dawn,National Highway,Under Construction,Signals,54,3
0,Minor,13:23,Thursday,Rainy,Dawn,State Highway,Under Construction,Signals,52,1
0,Minor,17:33,Monday,Snowy,Daylight,National Highway,Icy,Unknown,91,4
0,Minor,10:56,Tuesday,Clear,Dusk,Village Road,Under Construction,Unknown,51,4
0,Minor,8:11,Friday,Rainy,Dawn,National Highway,Icy,None,74,2
0,Serious,16:34,Saturday,Rainy,Dark,Village Road,Icy,None,116,4
1,Minor,0:01,Tuesday,Stormy,Dawn,Village Road,Under Construction,Unknown,27,5
0,Minor,17:16,Thursday,Snowy,Dawn,National Highway,Under Construction,Signs,65,3
1,Minor,14:20,Sunday,Hazy,Dusk,Urban Road,Dry,Signals,33,2
1,Serious,11:14,Saturday,Stormy,Dawn,State Highway,Wet,None,117,3
0,Minor,9:15,Tuesday,Clear,Daylight,State Highway,Dry,Signs,27,3
1,Serious,2:11,Monday,Hazy,Dark,National Highway,Wet,Unknown,90,1
0,Minor,0:33,Sunday,Stormy,Dusk,Urban Road,Wet,Guard,96,4
0,Minor,13:45,Monday,Snowy,Dark,Urban Road,Dry,None,73,3
0,Minor,20:58,Friday,Foggy,Daylight,State Highway,Dry,Guard,40,5
0,Minor,22:36,Sunday,Foggy,Daylight,Urban Road,Wet,Signs,115,5
0,Minor,18:47,Wednesday,Clear,Dawn,National Highway,Wet,Signals,94,4
0,Minor,7:16,Sunday,Foggy,Dawn,National Highway,Wet,Signs,33,4
0,Minor,11:07,Saturday,Stormy,Dawn,Urban Road,Icy,Signals,94,2
0,Minor,5:16,Sunday,Clear,Dark,National Highway,Wet,Signs,21,2
0,Minor,7:00,Thursday,Hazy,Daylight,Village Road,Under Construction,None,117,2
0,Minor,2:43,Thursday,Snowy,Dusk,State Highway,Under Construction,None,80,4
0,Minor,6:01,Wednesday,Clear,Dawn,National Highway,Under Construction,Guard,36,3
0,Serious,1:44,Sunday,Hazy,Dark,Urban Road,Dry,Signs,97,1
1,Minor,1:54,Monday,Clear,Dawn,State Highway,Dry,Signs,108,2
0,Minor,8:02,Monday,Rainy,Daylight,National Highway,Dry,Guard,67,1
1,Serious,17:23,Tuesday,Rainy,Dusk,State Highway,Wet,Unknown,110,5
0,Minor,12:22,Friday,Clear,Daylight,Urban Road,Under Construction,Signs,27,4
0,Minor,4:31,Saturday,Foggy,Dark,Village Road,Wet,Signs,75,5
0,Minor,20:14,Friday,Rainy,Dawn,Village Road,Icy,Signs,36,2
0,Minor,4:25,Sunday,Snowy,Daylight,National Highway,Icy,Unknown,88,3
0,Minor,0:56,Friday,Hazy,Dark,Village Road,Dry,None,31,2
1,Minor,5:28,Tuesday,Stormy,Dawn,National Highway,Icy,Guard,57,1
0,Minor,4:10,Friday,Rainy,Dusk,State Highway,Under Construction,Unknown,37,2
1,Minor,17:00,Wednesday,Clear,Daylight,National Highway,Icy,Signals,45,3
1,Minor,15:09,Tuesday,Foggy,Dawn,National Highway,Dry,Signals,114,3
1,Minor,12:34,Wednesday,Stormy,Dawn,National Highway,Wet,Unknown,56,4
1,Minor,11:24,Sunday,Hazy,Dawn,Village Road,Icy,Unknown,89,4
0,Minor,2:25,Tuesday,Hazy,Dawn,National Highway,Under Construction,None,60,3
0,Minor,23:02,Sunday,Rainy,Daylight,Urban Road,Under Construction,Signals,98,3
0,Minor,15:33,Sunday,Hazy,Dawn,National Highway,Under Construction,Guard,61,1
0,Serious,20:56,Friday,Hazy,Dark,State Highway,Wet,Signs,109,2
0,Minor,7:51,Wednesday,Foggy,Daylight,Urban Road,Under Construction,Signs,95,4
1,Minor,11:05,Sunday,Foggy,Dawn,State Highway,Dry,None,60,1
0,Minor,7:16,Wednesday,Foggy,Daylight,State Highway,Dry,None,66,2
0,Minor,4:50,Wednesday,Clear,Dark,State Highway,Under Construction,Signals,33,4
0,Minor,20:03,Tuesday,Hazy,Dark,Urban Road,Icy,Guard,20,1
0,Minor,9:10,Thursday,Hazy,Daylight,Urban Road,Under Construction,Guard,36,5
0,Minor,2:33,Friday,Hazy,Dawn,Village Road,Dry,Unknown,116,5
1,Minor,22:56,Sunday,Snowy,Dawn,Urban Road,Dry,None,74,4
0,Serious,14:28,Wednesday,Foggy,Dark,National Highway,Dry,Signs,112,1
0,Minor,0:03,Saturday,Stormy,Dawn,State Highway,Icy,Signs,72,2
0,Minor,5:08,Thursday,Rainy,Dark,Village Road,Icy,Signals,50,2
0,Minor,8:45,Sunday,Stormy,Dawn,Urban Road,Icy,Signs,81,1
0,Minor,16:36,Saturday,Clear,Dark,State Highway,Dry,Guard,27,5
0,Minor,5:37,Friday,Clear,Dusk,Urban Road,Wet,Guard,49,1
0,Minor,11:21,Friday,Hazy,Dawn,Village Road,Under Construction,None,96,5
0,Minor,19:26,Wednesday,Stormy,Dawn,Urban Road,Under Construction,Signals,99,5
0,Minor,15:37,Wednesday,Hazy,Dawn,Urban Road,Dry,Signs,85,2
0,Minor,5:56,Sunday,Snowy,Daylight,State Highway,Icy,None,64,4
0,Minor,3:43,Tuesday,Clear,Dawn,National Highway,Wet,Unknown,37,3
0,Minor,21:03,Thursday,Clear,Daylight,Urban Road,Wet,Unknown,118,1
0,Minor,18:33,Sunday,Stormy,Daylight,Village Road,Icy,Signs,64,5
1,Minor,15:56,Thursday,Clear,Dark,Urban Road,Under Construction,Signs,38,1
0,Minor,20:04,Wednesday,Snowy,Daylight,Urban Road,Under Construction,Signs,96,4
0,Minor,18:39,Friday,Snowy,Daylight,National Highway,Wet,Guard,87,4
0,Minor,18:47,Wednesday,Snowy,Dusk,State Highway,Wet,Signs,102,3
0,Minor,12:29,Friday,Rainy,Dawn,Village Road,Icy,Unknown,69,3
0,Minor,2:36,Sunday,Snowy,Daylight,State Highway,Under Construction,Signs,44,5
0,Minor,2:23,Friday,Snowy,Dawn,State Highway,Wet,Signals,57,3
1,Minor,0:12,Wednesday,Rainy,Daylight,State Highway,Under Construction,Unknown,114,5
0,Minor,7:12,Monday,Hazy,Dark,Urban Road,Wet,Signals,55,2
0,Minor,17:17,Thursday,Foggy,Dusk,National Highway,Icy,Unknown,87,5
0,Minor,23:12,Saturday,Clear,Daylight,Urban Road,Under Construction,None,75,3
0,Minor,18:37,Friday,Snowy,Dawn,Village Road,Wet,Unknown,58,1
0,Serious,19:54,Friday,Clear,Dark,National Highway,Wet,Unknown,82,3
0,Minor,1:13,Monday,Stormy,Dawn,State Highway,Wet,Signals,26,4
1,Serious,8:09,Sunday,Clear,Dark,National Highway,Wet,Signals,77,3
0,Minor,3:33,Sunday,Hazy,Dusk,Village Road,Icy,Unknown,99,2
0,Minor,13:24,Sunday,Rainy,Dark,Urban Road,Under Construction,Unknown,78,5
1,Minor,5:37,Saturday,Clear,Dawn,Urban Road,Under Construction,Guard,67,4
0,Minor,17:52,Tuesday,Clear,Dawn,State Highway,Dry,None,24,5
1,Minor,15:35,Monday,Clear,Daylight,Urban Road,Under Construction,None,106,5
0,Minor,10:07,Saturday,Foggy,Dark,Urban Road,Dry,Signs,55,3
1,Serious,8:28,Monday,Foggy,Dawn,Village Road,Wet,Unknown,115,1
0,Minor,21:06,Friday,Stormy,Daylight,National Highway,Icy,Unknown,107,4
1,Minor,17:27,Thursday,Rainy,Dusk,Urban Road,Icy,Unknown,44,2
1,Minor,9:21,Monday,Clear,Dawn,Village Road,Wet,Unknown,64,2
0,Minor,15:48,Tuesday,Clear,Daylight,Village Road,Dry,None,111,1
1,Minor,7:51,Wednesday,Clear,Dawn,State Highway,Wet,Signals,38,1
0,Minor,23:09,Saturday,Clear,Dark,Village Road,Icy,Guard,26,3
0,Minor,4:16,Monday,Foggy,Daylight,State Highway,Icy,Signals,77,2
0,Serious,7:07,Monday,Hazy,Dark,Urban Road,Under Construction,Signals,100,4
0,Minor,1:05,Tuesday,Hazy,Dusk,State Highway,Dry,None,85,1
0,Serious,23:56,Thursday,Stormy,Dark,Village Road,Under Construction,Guard,99,1
0,Minor,2:00,Monday,Snowy,Daylight,National Highway,Icy,Unknown,58,1
0,Minor,9:57,Monday,Rainy,Dawn,National Highway,Icy,None,37,4
1,Minor,16:10,Thursday,Hazy,Daylight,Urban Road,Under Construction,None,20,2
1,Serious,23:21,Tuesday,Clear,Dark,Urban Road,Under Construction,Guard,82,4
0,Minor,20:05,Saturday,Hazy,Dark,National Highway,Icy,Signs,22,4
0,Minor,11:45,Saturday,Stormy,Dawn,State Highway,Under Construction,None,40,3
0,Minor,9:09,Monday,Snowy,Dusk,Urban Road,Under Construction,Signals,49,1
0,Minor,0:38,Thursday,Hazy,Daylight,Village Road,Dry,Signals,30,2
0,Minor,10:23,Monday,Stormy,Dawn,Urban Road,Icy,Unknown,41,3
0,Minor,3:14,Sunday,Foggy,Dawn,State Highway,Wet,None,76,3
0,Minor,17:51,Wednesday,Snowy,Dawn,Urban Road,Dry,Unknown,108,5
1,Minor,21:10,Saturday,Stormy,Daylight,Village Road,Wet,None,22,1
0,Minor,2:22,Sunday,Hazy,Daylight,Village Road,Under Construction,Guard,49,2
0,Minor,19:43,Friday,Foggy,Daylight,Village Road,Under Construction,None,107,2
0,Minor,9:44,Wednesday,Stormy,Dusk,State Highway,Wet,Signs,64,2
0,Minor,5:07,Monday,Stormy,Dawn,State Highway,Under Construction,Signals,55,1
0,Serious,2:49,Tuesday,Hazy,Dark,Village Road,Under Construction,Guard,106,2
0,Serious,11:01,Saturday,Snowy,Dark,Village Road,Dry,Signals,91,4
0,Minor,1:59,Friday,Foggy,Dawn,State Highway,Wet,Unknown,83,4
0,Minor,18:42,Wednesday,Clear,Dark,State Highway,Dry,Guard,73,1
1,Serious,5:30,Saturday,Rainy,Dusk,State Highway,Wet,Signs,87,2
1,Minor,15:08,Thursday,Snowy,Dusk,National Highway,Dry,Signals,69,5
0,Minor,16:36,Tuesday,Foggy,Daylight,State Highway,Icy,None,50,5
0,Minor,17:04,Wednesday,Stormy,Daylight,Village Road,Icy,None,48,5
0,Minor,19:49,Thursday,Foggy,Daylight,National Highway,Wet,None,78,4
0,Minor,16:46,Sunday,Rainy,Daylight,State Highway,Icy,Guard,55,5
0,Minor,17:48,Monday,Hazy,Daylight,Village Road,Dry,Signs,96,2
0,Serious,8:14,Thursday,Rainy,Dark,Urban Road,Wet,Signs,92,2
0,Serious,5:20,Wednesday,Clear,Dark,National Highway,Icy,Signs,104,5
0,Minor,14:43,Wednesday,Clear,Daylight,Village Road,Icy,Signals,86,3
0,Minor,6:39,Sunday,Rainy,Dusk,Urban Road,Wet,Guard,108,5
1,Serious,6:40,Monday,Snowy,Dark,Village Road,Icy,None,108,3
1,Minor,18:26,Thursday,Snowy,Dusk,State Highway,Icy,Signals,95,1
1,Serious,0:10,Thursday,Stormy,Dusk,State Highway,Wet,Signs,112,1
0,Minor,18:11,Monday,Clear,Dawn,Urban Road,Icy,None,30,2
1,Minor,17:32,Thursday,Stormy,Dawn,State Highway,Icy,Guard,30,4
0,Minor,4:40,Saturday,Clear,Daylight,Village Road,Icy,Unknown,45,2
1,Minor,8:01,Monday,Rainy,Dusk,Urban Road,Icy,Signs,72,2
0,Minor,1:23,Tuesday,Snowy,Dark,Village Road,Under Construction,Signs,33,4
1,Fatal,3:41,Wednesday,Snowy,Dawn,Village Road,Wet,Signs,83,2
0,Minor,13:13,Tuesday,Rainy,Dawn,Village Road,Under Construction,Signs,99,4
1,Minor,13:37,Saturday,Stormy,Dusk,State Highway,Under Construction,None,29,2
1,Minor,7:50,Sunday,Stormy,Dawn,State Highway,Dry,Guard,50,1
0,Minor,15:01,Saturday,Foggy,Dawn,Village Road,Under Construction,Signals,114,3
0,Minor,14:34,Friday,Clear,Dark,National Highway,Under Construction,None,55,2
1,Minor,11:35,Friday,Stormy,Dusk,Village Road,Dry,Guard,29,3
0,Minor,18:19,Friday,Rainy,Dawn,Village Road,Icy,Signals,45,5
1,Minor,23:40,Monday,Stormy,Dusk,Urban Road,Icy,Signs,39,2
0,Minor,21:10,Thursday,Snowy,Dawn,Village Road,Under Construction,Guard,63,1
0,Serious,9:41,Saturday,Clear,Dark,State Highway,Dry,Signs,81,4
0,Minor,8:59,Tuesday,Hazy,Dusk,Urban Road,Icy,Guard,92,1
0,Minor,18:33,Sunday,Foggy,Dawn,National Highway,Dry,Unknown,98,3
1,Serious,14:05,Tuesday,Clear,Dark,Urban Road,Wet,Signs,28,4
0,Minor,14:35,Tuesday,Snowy,Dawn,National Highway,Wet,Signs,90,1
0,Minor,11:49,Tuesday,Snowy,Dusk,Urban Road,Wet,Signs,109,1
0,Minor,19:51,Sunday,Snowy,Dawn,Urban Road,Wet,None,43,1
0,Minor,20:22,Friday,Snowy,Dusk,National Highway,Under Construction,Signals,31,4
1,Minor,0:05,Tuesday,Rainy,Dusk,State Highway,Wet,Signs,79,1
1,Serious,18:07,Sunday,Foggy,Dawn,State Highway,Wet,Signs,103,1
0,Serious,13:57,Sunday,Hazy,Dark,State Highway,Dry,None,97,3
1,Minor,5:51,Thursday,Snowy,Daylight,Urban Road,Icy,None,105,1
1,Minor,14:50,Sunday,Snowy,Dark,Village Road,Dry,Unknown,35,1
0,Minor,13:27,Friday,Stormy,Dark,Urban Road,Under Construction,Guard,48,5
1,Minor,18:35,Tuesday,Foggy,Dawn,Village Road,Wet,Signs,51,4
0,Serious,2:55,Sunday,Clear,Dark,Village Road,Icy,Guard,102,5
0,Minor,11:45,Monday,Foggy,Dark,State Highway,Icy,None,54,3
1,Minor,16:02,Sunday,Foggy,Daylight,Village Road,Wet,None,62,5
0,Serious,7:55,Wednesday,Hazy,Dark,Urban Road,Wet,Unknown,115,2
1,Minor,10:56,Wednesday,Foggy,Daylight,Urban Road,Under Construction,Signals,72,4
1,Minor,12:38,Wednesday,Hazy,Dawn,State Highway,Under Construction,None,39,1
0,Minor,13:15,Sunday,Snowy,Daylight,National Highway,Wet,Signs,103,5
1,Minor,9:59,Friday,Snowy,Dusk,Urban Road,Wet,Unknown,27,5
0,Minor,17:22,Tuesday,Rainy,Dusk,Village Road,Wet,Signals,118,1
0,Minor,13:50,Saturday,Hazy,Daylight,Urban Road,Wet,Unknown,61,1
0,Minor,22:09,Saturday,Hazy,Dusk,Urban Road,Icy,None,96,3
1,Minor,6:38,Saturday,Clear,Dawn,Urban Road,Under Construction,Signals,89,5
0,Minor,22:08,Friday,Stormy,Dusk,National Highway,Wet,Guard,35,5
0,Minor,15:10,Thursday,Foggy,Daylight,Village Road,Wet,Signals,88,2
0,Minor,4:33,Monday,Clear,Dawn,State Highway,Icy,Signs,72,2
1,Minor,5:45,Monday,Hazy,Dusk,Urban Road,Dry,Guard,64,5
0,Minor,13:46,Wednesday,Clear,Dawn,Village Road,Wet,Guard,70,2
0,Minor,20:07,Wednesday,Rainy,Daylight,Village Road,Icy,Signs,117,5
0,Minor,22:39,Sunday,Stormy,Dusk,State Highway,Icy,Guard,25,4
0,Minor,4:48,Saturday,Hazy,Dawn,Urban Road,Dry,None,52,3
1,Minor,8:44,Sunday,Hazy,Dawn,National Highway,Under Construction,Signals,98,2
0,Minor,19:23,Saturday,Foggy,Dusk,Village Road,Under Construction,Signals,34,5
0,Minor,19:04,Wednesday,Stormy,Dawn,State Highway,Under Construction,Signs,33,2
1,Minor,23:08,Tuesday,Rainy,Dawn,National Highway,Wet,None,58,3
0,Minor,17:51,Thursday,Snowy,Daylight,Village Road,Under Construction,Guard,82,4
1,Minor,18:40,Sunday,Clear,Daylight,Urban Road,Wet,Signals,24,1
0,Minor,18:58,Thursday,Foggy,Daylight,Village Road,Wet,Signals,109,1
1,Minor,0:01,Thursday,Hazy,Daylight,National Highway,Icy,Signals,100,2
0,Minor,22:36,Thursday,Snowy,Daylight,National Highway,Under Construction,Signals,71,5
0,Minor,23:52,Wednesday,Rainy,Daylight,Urban Road,Under Construction,Unknown,35,3
1,Minor,8:36,Monday,Stormy,Dusk,Urban Road,Under Construction,Signs,118,4
1,Minor,9:06,Wednesday,Clear,Daylight,State Highway,Wet,Guard,57,4
1,Minor,22:53,Thursday,Foggy,Dawn,Urban Road,Wet,Guard,72,4
0,Minor,16:44,Wednesday,Hazy,Dusk,State Highway,Under Construction,Signs,106,1
1,Serious,20:22,Thursday,Hazy,Dawn,National Highway,Wet,None,96,3
1,Serious,11:12,Friday,Snowy,Daylight,National Highway,Wet,Signs,116,1
0,Minor,19:46,Saturday,Snowy,Daylight,Village Road,Dry,Signals,112,2
1,Minor,7:32,Monday,Clear,Dawn,Village Road,Dry,Signals,72,4
1,Minor,6:11,Friday,Stormy,Dawn,State Highway,Under Construction,Signs,65,3
0,Minor,14:30,Tuesday,Rainy,Dawn,Urban Road,Under Construction,Signs,117,4
0,Fatal,22:21,Wednesday,Stormy,Dark,Urban Road,Dry,Guard,117,1
0,Serious,2:03,Tuesday,Stormy,Dark,Village Road,Wet,Guard,110,1
0,Minor,20:19,Sunday,Stormy,Dark,National Highway,Wet,Unknown,34,1
0,Minor,20:31,Wednesday,Clear,Dark,State Highway,Icy,Unknown,78,4
0,Minor,1:08,Saturday,Clear,Dusk,National Highway,Under Construction,Signals,69,3
0,Minor,2:44,Friday,Rainy,Daylight,National Highway,Under Construction,Unknown,28,3
0,Minor,20:50,Saturday,Stormy,Dawn,Urban Road,Under Construction,Unknown,45,2
0,Minor,15:29,Sunday,Clear,Daylight,State Highway,Icy,None,22,4
1,Minor,0:22,Thursday,Rainy,Dawn,National Highway,Icy,Signs,119,2
1,Minor,17:04,Saturday,Hazy,Daylight,Village Road,Wet,Guard,66,2
0,Minor,4:09,Saturday,Rainy,Dusk,Village Road,Dry,Unknown,24,2
1,Serious,19:10,Thursday,Stormy,Dark,Urban Road,Dry,Guard,81,2
0,Minor,17:11,Wednesday,Foggy,Daylight,Village Road,Dry,Unknown,103,1
0,Minor,13:33,Thursday,Stormy,Dawn,Village Road,Wet,Unknown,103,2
0,Minor,19:40,Friday,Foggy,Daylight,National Highway,Dry,Signals,24,3
0,Minor,12:11,Saturday,Rainy,Dusk,Village Road,Icy,None,29,2
1,Minor,15:19,Thursday,Hazy,Dusk,Village Road,Icy,Signs,99,1
1,Minor,1:56,Sunday,Hazy,Daylight,National Highway,Under Construction,Signs,82,5
0,Minor,11:30,Sunday,Clear,Dark,Urban Road,Dry,Signals,44,5
0,Minor,11:09,Saturday,Hazy,Dawn,Urban Road,Icy,Signals,63,5
0,Minor,14:35,Friday,Snowy,Dusk,State Highway,Under Construction,Signs,44,4
0,Minor,21:37,Tuesday,Rainy,Dusk,Village Road,Dry,Signs,49,3
0,Minor,22:44,Friday,Clear,Daylight,National Highway,Dry,None,33,1
0,Minor,20:05,Monday,Hazy,Dusk,State Highway,Icy,Unknown,105,5
1,Minor,20:19,Monday,Rainy,Dusk,Urban Road,Under Construction,None,62,1
1,Minor,16:05,Monday,Stormy,Dawn,Urban Road,Under Construction,Signs,47,1
0,Serious,2:54,Saturday,Hazy,Dark,National Highway,Icy,Unknown,113,4
1,Minor,14:56,Sunday,Foggy,Dawn,State Highway,Icy,Signs,38,5
0,Minor,20:20,Wednesday,Rainy,Dark,State Highway,Icy,None,61,2
0,Minor,21:16,Sunday,Clear,Dawn,National Highway,Dry,None,39,1
0,Minor,21:24,Wednesday,Stormy,Daylight,National Highway,Icy,None,118,5
0,Minor,4:53,Wednesday,Snowy,Dusk,State Highway,Icy,Unknown,105,1
1,Serious,15:46,Sunday,Stormy,Dark,Urban Road,Wet,Guard,98,4
0,Minor,7:05,Saturday,Hazy,Daylight,Village Road,Icy,Guard,30,4
0,Minor,5:22,Friday,Foggy,Dusk,Urban Road,Icy,Signs,73,2
0,Minor,4:23,Wednesday,Stormy,Dusk,National Highway,Dry,Unknown,117,4
0,Minor,4:49,Tuesday,Snowy,Dusk,State Highway,Under Construction,Signals,43,5
1,Minor,9:38,Sunday,Clear,Dawn,State Highway,Dry,Guard,89,4
0,Minor,1:29,Sunday,Rainy,Daylight,Village Road,Wet,Unknown,36,2
0,Minor,14:37,Monday,Foggy,Daylight,State Highway,Icy,Unknown,47,3
0,Minor,0:00,Friday,Snowy,Dusk,Village Road,Icy,Guard,69,1
0,Serious,23:22,Monday,Hazy,Dark,Urban Road,Icy,Unknown,114,1
0,Minor,7:25,Sunday,Hazy,Daylight,Urban Road,Icy,Unknown,119,5
0,Minor,21:03,Sunday,Hazy,Dawn,State Highway,Icy,Guard,74,2
0,Serious,9:52,Wednesday,Foggy,Dark,State Highway,Icy,None,92,2
1,Serious,5:30,Friday,Stormy,Dark,National Highway,Wet,Signs,29,2
1,Minor,2:18,Thursday,Foggy,Dark,National Highway,Icy,Signals,40,1
1,Minor,3:10,Tuesday,Hazy,Dark,State Highway,Icy,Signs,77,4
0,Minor,12:37,Wednesday,Snowy,Daylight,State Highway,Icy,None,53,1
0,Minor,13:44,Sunday,Rainy,Dusk,Urban Road,Wet,None,114,1
0,Serious,0:49,Wednesday,Rainy,Dark,State Highway,Icy,Unknown,112,1
1,Minor,23:51,Tuesday,Foggy,Dawn,National Highway,Wet,Signs,62,4
0,Minor,5:40,Sunday,Hazy,Dawn,Urban Road,Dry,None,30,3
0,Minor,5:52,Tuesday,Clear,Dusk,Village Road,Icy,Signs,52,5
0,Minor,1:02,Thursday,Foggy,Daylight,National Highway,Under Construction,None,77,3
0,Minor,20:15,Wednesday,Hazy,Dusk,National Highway,Wet,Signals,65,3
0,Minor,22:34,Saturday,Stormy,Dark,Urban Road,Dry,None,80,1
0,Minor,14:28,Wednesday,Rainy,Daylight,Village Road,Wet,Signs,81,3
1,Minor,19:38,Monday,Rainy,Daylight,National Highway,Wet,Unknown,20,1
0,Minor,0:42,Friday,Rainy,Dark,State Highway,Dry,Signs,40,1
0,Minor,0:11,Friday,Clear,Dawn,National Highway,Icy,Guard,81,5
0,Serious,15:51,Monday,Hazy,Dark,Urban Road,Icy,Signs,83,2
0,Minor,11:59,Sunday,Hazy,Dusk,Urban Road,Wet,Signals,106,1
0,Serious,19:36,Friday,Hazy,Dark,Urban Road,Dry,Signals,92,3
1,Minor,9:25,Tuesday,Hazy,Dawn,National Highway,Icy,Signals,75,5
0,Minor,11:29,Friday,Clear,Dark,Village Road,Wet,None,20,3
1,Minor,10:23,Friday,Snowy,Dusk,State Highway,Under Construction,Signals,40,2
0,Minor,7:43,Monday,Foggy,Dusk,Urban Road,Dry,Signs,41,4
0,Minor,3:13,Sunday,Foggy,Dawn,Village Road,Under Construction,Unknown,73,2
1,Minor,20:22,Thursday,Hazy,Dusk,State Highway,Under Construction,Signals,23,5
0,Minor,18:03,Friday,Stormy,Dusk,Urban Road,Wet,Signs,84,2
0,Minor,19:00,Saturday,Rainy,Dark,State Highway,Dry,None,70,2
0,Minor,8:06,Friday,Clear,Daylight,State Highway,Icy,None,93,5
0,Minor,11:07,Thursday,Stormy,Dusk,Village Road,Icy,Unknown,82,5
1,Minor,16:58,Monday,Stormy,Dusk,State Highway,Wet,Unknown,34,3
0,Minor,16:57,Thursday,Hazy,Dawn,Urban Road,Icy,Signs,55,1
1,Minor,18:52,Monday,Clear,Dawn,Village Road,Icy,Unknown,48,4
1,Minor,20:37,Tuesday,Foggy,Dark,National Highway,Under Construction,Unknown,71,4
0,Minor,11:18,Monday,Rainy,Dark,National Highway,Under Construction,None,65,4
1,Minor,1:20,Tuesday,Foggy,Dusk,Village Road,Dry,Signs,88,2
0,Minor,4:16,Tuesday,Stormy,Daylight,National Highway,Under Construction,Unknown,48,5
1,Minor,21:11,Monday,Rainy,Daylight,State Highway,Icy,Signs,66,5
0,Serious,6:25,Saturday,Snowy,Dark,Urban Road,Dry,Signals,110,5
0,Minor,17:50,Wednesday,Stormy,Dawn,State Highway,Dry,None,44,1
0,Minor,7:11,Monday,Foggy,Dusk,Village Road,Wet,None,99,5
0,Minor,16:51,Friday,Foggy,Dusk,Urban Road,Under Construction,None,35,5
0,Minor,4:01,Saturday,Hazy,Daylight,Village Road,Dry,Guard,119,2
1,Serious,11:19,Saturday,Foggy,Dark,Village Road,Icy,Signs,108,3
0,Minor,0:07,Friday,Clear,Daylight,Village Road,Dry,Signals,60,4
0,Minor,14:15,Wednesday,Stormy,Daylight,State Highway,Dry,Unknown,84,2
1,Serious,6:10,Saturday,Rainy,Dark,Urban Road,Wet,Signals,88,2
0,Minor,16:18,Tuesday,Foggy,Dawn,Urban Road,Icy,Signs,39,2
1,Minor,21:10,Wednesday,Hazy,Dusk,Urban Road,Icy,None,88,4
1,Minor,8:53,Sunday,Hazy,Dawn,State Highway,Under Construction,Guard,55,2
1,Serious,19:32,Friday,Foggy,Dark,National Highway,Icy,Signs,112,3
1,Serious,8:05,Wednesday,Clear,Dark,State Highway,Dry,Signs,117,5
0,Minor,8:24,Monday,Hazy,Dusk,State Highway,Icy,Unknown,77,3
0,Minor,20:22,Wednesday,Rainy,Dawn,Village Road,Icy,Signals,67,5
1,Minor,10:55,Tuesday,Stormy,Dusk,Urban Road,Dry,Signals,101,5
0,Minor,13:41,Monday,Snowy,Daylight,Urban Road,Wet,Unknown,21,2
0,Minor,21:26,Thursday,Clear,Daylight,National Highway,Under Construction,Guard,99,2
0,Minor,21:51,Friday,Hazy,Daylight,National Highway,Under Construction,None,48,4
1,Serious,15:22,Friday,Stormy,Dawn,Village Road,Wet,None,116,1
0,Minor,0:43,Wednesday,Snowy,Daylight,Urban Road,Dry,Guard,35,3
0,Minor,5:28,Saturday,Foggy,Dusk,National Highway,Under Construction,Unknown,54,4
0,Minor,2:05,Monday,Foggy,Dawn,National Highway,Wet,Signs,81,4
0,Minor,14:34,Thursday,Rainy,Dusk,Urban Road,Wet,Signals,100,3
0,Minor,11:31,Monday,Snowy,Dark,State Highway,Wet,Signs,23,3
0,Minor,7:52,Friday,Foggy,Dawn,National Highway,Under Construction,Signals,87,5
0,Minor,10:33,Monday,Foggy,Dusk,Urban Road,Under Construction,Signs,70,1
1,Minor,1:51,Thursday,Hazy,Dusk,National Highway,Under Construction,Unknown,108,2
0,Minor,0:33,Saturday,Rainy,Dawn,Village Road,Under Construction,Unknown,52,1
1,Fatal,23:35,Wednesday,Stormy,Dark,National Highway,Icy,Guard,97,1
1,Minor,17:04,Tuesday,Foggy,Dawn,Urban Road,Wet,Signs,43,2
0,Minor,13:04,Monday,Clear,Daylight,National Highway,Icy,Signs,94,1
0,Minor,22:44,Tuesday,Clear,Daylight,Village Road,Wet,Guard,44,4
0,Minor,19:35,Friday,Stormy,Dark,Village Road,Under Construction,Guard,47,4
1,Minor,17:38,Wednesday,Snowy,Dusk,National Highway,Under Construction,Unknown,26,2
0,Minor,14:46,Sunday,Rainy,Dusk,National Highway,Icy,Unknown,55,2
0,Minor,8:21,Wednesday,Hazy,Dusk,Village Road,Dry,Signs,29,3
0,Minor,17:02,Monday,Clear,Dawn,Village Road,Under Construction,Unknown,55,3
0,Minor,6:07,Saturday,Clear,Dawn,State Highway,Dry,Unknown,114,1
0,Serious,5:35,Wednesday,Stormy,Dark,State Highway,Wet,Signs,102,1
0,Minor,5:55,Monday,Snowy,Daylight,Village Road,Icy,Guard,37,2
1,Minor,2:53,Monday,Snowy,Dusk,National Highway,Dry,Signs,25,1
0,Minor,13:27,Tuesday,Stormy,Daylight,Urban Road,Dry,None,111,5
0,Minor,7:30,Wednesday,Clear,Dawn,National Highway,Under Construction,Signs,26,4
0,Minor,19:42,Monday,Rainy,Dawn,National Highway,Dry,None,31,1
1,Minor,2:52,Tuesday,Clear,Dawn,State Highway,Dry,Signs,60,1
0,Minor,1:59,Thursday,Snowy,Daylight,State Highway,Wet,None,82,3
1,Serious,18:42,Sunday,Hazy,Dark,State Highway,Icy,None,117,5
0,Minor,22:34,Tuesday,Clear,Dark,Village Road,Under Construction,Signs,44,1
0,Minor,5:49,Tuesday,Rainy,Dawn,Village Road,Under Construction,Unknown,100,4
0,Minor,18:49,Monday,Foggy,Dusk,National Highway,Dry,Signals,72,1
0,Minor,19:20,Friday,Clear,Daylight,National Highway,Wet,Unknown,52,2
0,Minor,23:12,Friday,Stormy,Dawn,Urban Road,Dry,None,106,5
0,Minor,10:57,Saturday,Foggy,Daylight,National Highway,Dry,Signs,92,1
1,Minor,14:56,Friday,Stormy,Daylight,National Highway,Under Construction,Signs,25,5
0,Serious,0:31,Tuesday,Stormy,Dark,State Highway,Dry,Signs,81,1
0,Minor,15:38,Saturday,Stormy,Dawn,State Highway,Dry,Signs,85,4
0,Minor,0:09,Monday,Clear,Dark,State Highway,Wet,Signals,28,4
0,Minor,7:28,Wednesday,Snowy,Dawn,State Highway,Under Construction,Guard,86,5
0,Minor,16:57,Sunday,Foggy,Daylight,State Highway,Icy,None,35,3
0,Fatal,7:16,Sunday,Rainy,Dark,Urban Road,Wet,Signals,108,3
0,Minor,2:22,Tuesday,Snowy,Daylight,Urban Road,Wet,Unknown,107,2
0,Minor,15:17,Tuesday,Clear,Dawn,Urban Road,Wet,Guard,112,3
0,Minor,1:32,Saturday,Stormy,Dusk,State Highway,Under Construction,Guard,74,5
0,Minor,8:16,Monday,Rainy,Dark,Village Road,Dry,Signs,59,3
0,Minor,3:22,Thursday,Foggy,Dark,State Highway,Icy,Signals,45,2
0,Minor,18:52,Tuesday,Snowy,Daylight,State Highway,Under Construction,Unknown,57,1
1,Minor,21:09,Thursday,Hazy,Daylight,Urban Road,Dry,Signs,54,3
0,Minor,8:25,Thursday,Snowy,Dusk,State Highway,Wet,Signs,106,5
0,Serious,19:05,Friday,Rainy,Dark,Urban Road,Under Construction,None,87,5
0,Minor,14:36,Monday,Clear,Dawn,State Highway,Dry,Guard,78,2
1,Minor,11:09,Sunday,Foggy,Dawn,National Highway,Icy,Unknown,33,2
1,Minor,11:34,Sunday,Rainy,Dark,Village Road,Icy,Guard,66,4
0,Serious,18:41,Thursday,Stormy,Dark,Village Road,Dry,Signals,90,4
1,Fatal,8:36,Sunday,Foggy,Dark,Urban Road,Under Construction,None,91,4
0,Minor,21:45,Monday,Snowy,Dusk,National Highway,Wet,Signs,61,1
0,Minor,11:46,Friday,Rainy,Dawn,Village Road,Dry,None,70,5
1,Minor,22:44,Monday,Snowy,Dawn,Urban Road,Wet,Signs,38,4
1,Minor,10:57,Tuesday,Snowy,Daylight,State Highway,Icy,None,85,5
0,Minor,16:14,Thursday,Snowy,Daylight,State Highway,Dry,Signs,66,2
0,Fatal,3:32,Monday,Clear,Dark,National Highway,Icy,Guard,84,1
0,Minor,17:07,Sunday,Snowy,Daylight,Village Road,Wet,Guard,61,2
0,Minor,11:38,Wednesday,Stormy,Dusk,State Highway,Wet,Guard,57,5
1,Minor,22:19,Monday,Stormy,Dawn,Urban Road,Dry,Guard,32,4
0,Minor,7:16,Thursday,Foggy,Dawn,State Highway,Dry,None,63,2
0,Minor,5:41,Friday,Hazy,Daylight,State Highway,Dry,Signs,43,3
0,Serious,16:32,Sunday,Snowy,Dark,Village Road,Icy,Guard,115,1
0,Minor,3:27,Friday,Snowy,Daylight,Village Road,Wet,None,49,5
0,Fatal,22:46,Thursday,Rainy,Dark,Urban Road,Wet,Signs,89,4
0,Minor,13:08,Sunday,Clear,Dusk,National Highway,Icy,None,57,2
1,Minor,20:47,Tuesday,Hazy,Dawn,National Highway,Dry,Guard,116,1
1,Minor,16:04,Sunday,Foggy,Dusk,State Highway,Under Construction,Signals,42,4
0,Minor,3:04,Tuesday,Hazy,Dawn,Urban Road,Dry,None,93,2
1,Minor,12:16,Friday,Snowy,Dusk,National Highway,Under Construction,Guard,76,5
1,Minor,5:46,Friday,Rainy,Daylight,National Highway,Under Construction,Unknown,98,3
1,Minor,5:43,Thursday,Clear,Dusk,State Highway,Icy,Signs,42,3
0,Minor,19:41,Tuesday,Foggy,Dusk,Urban Road,Wet,Guard,55,5
0,Minor,12:59,Friday,Hazy,Daylight,National Highway,Wet,Unknown,76,1
0,Minor,8:48,Tuesday,Foggy,Dawn,Village Road,Wet,None,20,5
0,Minor,18:22,Friday,Snowy,Dawn,Village Road,Wet,None,91,2
0,Minor,20:12,Sunday,Foggy,Daylight,State Highway,Icy,Unknown,22,1
0,Minor,2:49,Monday,Rainy,Dusk,State Highway,Under Construction,Unknown,33,3
0,Minor,20:52,Wednesday,Foggy,Dusk,State Highway,Wet,Signs,100,2
1,Minor,17:02,Sunday,Stormy,Dusk,State Highway,Under Construction,None,53,4
0,Serious,15:39,Saturday,Rainy,Dark,National Highway,Icy,Unknown,89,4
0,Minor,20:24,Monday,Hazy,Dawn,Urban Road,Dry,Signals,88,4
1,Minor,16:39,Saturday,Clear,Dusk,State Highway,Icy,Signals,70,3
1,Minor,4:07,Friday,Clear,Dawn,State Highway,Wet,Unknown,48,5
1,Minor,8:50,Wednesday,Snowy,Dusk,National Highway,Dry,Signs,118,1
1,Minor,9:33,Wednesday,Snowy,Daylight,State Highway,Icy,None,101,3
0,Minor,22:13,Friday,Stormy,Daylight,State Highway,Icy,Signals,67,2
1,Minor,21:12,Friday,Hazy,Dawn,Urban Road,Under Construction,Unknown,113,2
0,Minor,13:45,Tuesday,Clear,Dawn,Village Road,Icy,Unknown,98,4
0,Minor,23:35,Friday,Clear,Daylight,State Highway,Dry,Guard,98,1
0,Minor,5:58,Thursday,Clear,Dark,National Highway,Icy,Unknown,35,4
0,Minor,11:01,Friday,Clear,Daylight,Urban Road,Wet,Signs,76,2
0,Minor,19:50,Thursday,Foggy,Dusk,National Highway,Under Construction,Signals,116,2
0,Minor,8:04,Friday,Hazy,Dark,Urban Road,Dry,Guard,29,5
1,Minor,8:09,Tuesday,Rainy,Daylight,Urban Road,Dry,Signals,38,5
0,Serious,3:33,Thursday,Rainy,Dark,State Highway,Icy,Signals,86,5
0,Minor,3:18,Monday,Stormy,Dark,State Highway,Wet,Signs,55,4
1,Minor,1:02,Thursday,Foggy,Dark,State Highway,Under Construction,Unknown,23,1
0,Minor,23:45,Sunday,Clear,Dawn,Village Road,Dry,Signs,94,5
0,Minor,13:44,Tuesday,Clear,Daylight,Village Road,Under Construction,Unknown,52,3
0,Minor,2:43,Saturday,Snowy,Dawn,National Highway,Icy,Guard,47,5
0,Minor,22:09,Thursday,Snowy,Dawn,State Highway,Wet,Signs,115,4
0,Minor,20:11,Sunday,Stormy,Dusk,Village Road,Icy,Signs,99,1
1,Minor,10:04,Sunday,Clear,Dusk,State Highway,Under Construction,None,28,5
0,Serious,9:48,Sunday,Stormy,Dark,Village Road,Icy,Signs,94,1
0,Minor,5:59,Friday,Foggy,Dark,Village Road,Under Construction,None,25,3
1,Minor,15:39,Sunday,Rainy,Dusk,Urban Road,Dry,Unknown,68,2
1,Minor,3:23,Friday,Clear,Dusk,State Highway,Dry,Unknown,110,1
0,Minor,15:50,Saturday,Hazy,Daylight,State Highway,Icy,Unknown,95,5
0,Minor,13:54,Tuesday,Foggy,Dark,Village Road,Dry,None,41,4
0,Minor,11:43,Wednesday,Clear,Dark,State Highway,Under Construction,Unknown,67,4
0,Minor,17:47,Friday,Hazy,Dusk,Village Road,Dry,Signals,40,4
0,Minor,13:26,Sunday,Snowy,Daylight,State Highway,Wet,Signs,52,4
0,Minor,6:56,Sunday,Stormy,Dusk,Urban Road,Wet,None,100,1
1,Minor,9:20,Monday,Snowy,Dusk,State Highway,Icy,Unknown,75,4
0,Minor,2:47,Sunday,Rainy,Dawn,Urban Road,Icy,Signals,48,2
0,Minor,18:12,Tuesday,Snowy,Dark,National Highway,Icy,Signs,72,3
0,Minor,22:24,Thursday,Clear,Daylight,State Highway,Icy,Signs,59,1
0,Minor,22:05,Thursday,Hazy,Dawn,State Highway,Under Construction,Unknown,93,1
0,Minor,6:47,Sunday,Snowy,Dark,State Highway,Under Construction,Signals,37,4
0,Minor,14:32,Monday,Clear,Dusk,Urban Road,Wet,None,66,4
1,Minor,1:21,Friday,Rainy,Daylight,State Highway,Under Construction,Unknown,32,1
0,Minor,18:41,Tuesday,Hazy,Dark,State Highway,Dry,Signs,46,4
0,Minor,23:11,Monday,Snowy,Dusk,Village Road,Wet,Signs,81,4
0,Minor,23:58,Friday,Stormy,Dawn,National Highway,Icy,Signs,93,4
0,Minor,14:04,Tuesday,Stormy,Daylight,Urban Road,Icy,Unknown,115,4
0,Minor,21:13,Sunday,Hazy,Dark,Village Road,Under Construction,Guard,64,4
0,Minor,9:49,Thursday,Stormy,Dawn,Urban Road,Wet,Guard,22,5
0,Minor,13:36,Tuesday,Snowy,Dusk,Village Road,Under Construction,Guard,41,5
0,Minor,21:34,Sunday,Snowy,Dusk,National Highway,Under Construction,Signals,46,5
1,Minor,7:12,Saturday,Hazy,Dark,Village Road,Under Construction,Unknown,74,1
1,Fatal,8:04,Wednesday,Snowy,Dusk,Urban Road,Wet,Signs,86,3
1,Minor,18:52,Tuesday,Clear,Daylight,State Highway,Icy,Signals,52,1
1,Minor,18:49,Wednesday,Rainy,Dark,State Highway,Dry,Guard,21,5
0,Minor,3:41,Tuesday,Stormy,Dawn,National Highway,Icy,None,94,1
1,Serious,23:17,Wednesday,Clear,Dark,Urban Road,Wet,Signals,65,3
0,Serious,20:03,Saturday,Hazy,Dark,Urban Road,Icy,Signals,93,4
1,Minor,16:09,Thursday,Stormy,Dawn,Urban Road,Icy,Unknown,52,2
1,Minor,20:28,Friday,Clear,Dusk,National Highway,Dry,Signals,77,5
1,Minor,22:07,Wednesday,Snowy,Dawn,State Highway,Icy,Unknown,26,5
1,Minor,19:55,Saturday,Hazy,Daylight,Village Road,Icy,None,34,3
0,Minor,4:55,Wednesday,Hazy,Dusk,National Highway,Icy,Signs,45,4
0,Minor,4:35,Thursday,Stormy,Dark,Village Road,Under Construction,Signs,30,4
0,Minor,6:51,Wednesday,Snowy,Dusk,State Highway,Wet,Guard,57,2
0,Minor,16:18,Saturday,Stormy,Dusk,National Highway,Wet,Guard,46,4
0,Minor,13:43,Sunday,Foggy,Daylight,State Highway,Dry,None,26,3
0,Minor,7:22,Saturday,Clear,Dusk,Village Road,Under Construction,Signs,20,4
1,Minor,14:41,Monday,Foggy,Dusk,Urban Road,Under Construction,Guard,93,3
0,Minor,2:45,Thursday,Clear,Dusk,Urban Road,Icy,Signals,40,5
1,Fatal,13:31,Sunday,Rainy,Dark,Village Road,Wet,Unknown,98,5
1,Minor,15:00,Monday,Hazy,Dusk,Urban Road,Dry,Guard,49,5
1,Minor,17:11,Thursday,Stormy,Dawn,Village Road,Under Construction,None,113,1
1,Minor,6:47,Sunday,Rainy,Dusk,National Highway,Icy,Signs,27,5
0,Minor,15:09,Wednesday,Rainy,Daylight,National Highway,Dry,None,107,3
1,Minor,3:23,Sunday,Hazy,Dusk,National Highway,Under Construction,Unknown,102,2
1,Minor,6:10,Saturday,Hazy,Dusk,Urban Road,Dry,Unknown,22,4
0,Minor,21:18,Monday,Clear,Dark,State Highway,Under Construction,None,74,5
0,Minor,6:22,Wednesday,Foggy,Dawn,Urban Road,Dry,Guard,34,1
1,Minor,17:04,Saturday,Snowy,Dusk,Urban Road,Under Construction,Guard,55,1
0,Minor,20:46,Thursday,Clear,Dawn,State Highway,Under Construction,Signs,25,3
0,Minor,16:32,Sunday,Snowy,Daylight,State Highway,Dry,Signs,61,2
0,Minor,8:42,Saturday,Rainy,Dark,State Highway,Under Construction,Signals,69,5
0,Minor,0:54,Wednesday,Snowy,Dawn,State Highway,Under Construction,Signals,37,5
0,Serious,0:34,Monday,Foggy,Dark,Urban Road,Under Construction,Signs,102,1
1,Minor,4:57,Monday,Clear,Dusk,Village Road,Dry,Signals,69,3
0,Minor,22:16,Sunday,Hazy,Daylight,National Highway,Dry,None,49,1
0,Serious,4:16,Saturday,Foggy,Dark,Village Road,Under Construction,Guard,96,1
0,Minor,1:25,Wednesday,Foggy,Dusk,Urban Road,Under Construction,Signals,58,2
0,Minor,16:36,Tuesday,Clear,Dawn,State Highway,Dry,Signals,31,3
1,Minor,2:56,Thursday,Hazy,Daylight,National Highway,Icy,None,117,2
0,Minor,7:00,Thursday,Foggy,Daylight,National Highway,Under Construction,Unknown,78,3
0,Minor,17:54,Wednesday,Hazy,Dawn,Village Road,Icy,Signs,95,5
0,Minor,22:30,Tuesday,Stormy,Dawn,Urban Road,Dry,None,63,4
0,Minor,15:03,Monday,Stormy,Daylight,Urban Road,Under Construction,Unknown,107,4
1,Minor,2:25,Sunday,Stormy,Dark,Urban Road,Icy,None,23,3
1,Minor,1:32,Friday,Snowy,Daylight,National Highway,Dry,Guard,55,4
0,Minor,14:45,Friday,Foggy,Dawn,Village Road,Icy,None,67,1
0,Minor,15:12,Sunday,Clear,Dark,National Highway,Wet,None,33,5
0,Minor,21:09,Wednesday,Clear,Dusk,National Highway,Dry,Guard,100,5
0,Minor,16:53,Tuesday,Snowy,Daylight,State Highway,Wet,Signs,68,4
0,Minor,20:44,Tuesday,Clear,Dawn,Village Road,Dry,Unknown,86,3
0,Minor,6:55,Thursday,Stormy,Dusk,State Highway,Dry,Signals,106,1
0,Minor,3:33,Monday,Foggy,Daylight,Urban Road,Under Construction,Signs,96,3
0,Minor,3:31,Saturday,Clear,Daylight,National Highway,Wet,None,28,4
1,Serious,0:34,Tuesday,Clear,Dark,Village Road,Wet,Signals,40,5
1,Serious,21:52,Sunday,Rainy,Dawn,Urban Road,Wet,Guard,91,5
0,Minor,6:47,Saturday,Rainy,Dusk,Village Road,Dry,Signs,100,3
1,Minor,5:19,Friday,Rainy,Daylight,National Highway,Wet,Unknown,35,2
0,Minor,5:15,Saturday,Foggy,Dark,Village Road,Wet,Signs,35,3
0,Minor,4:01,Monday,Stormy,Dusk,Urban Road,Under Construction,Signs,47,2
1,Minor,11:47,Sunday,Hazy,Dusk,State Highway,Icy,Signals,70,3
1,Minor,2:52,Monday,Stormy,Daylight,National Highway,Icy,Guard,75,2
1,Serious,20:15,Saturday,Stormy,Dusk,State Highway,Wet,Guard,99,2
0,Minor,16:51,Wednesday,Foggy,Daylight,National Highway,Wet,Signs,76,2
0,Minor,21:40,Tuesday,Foggy,Dark,Urban Road,Wet,Guard,71,2
1,Fatal,8:05,Sunday,Rainy,Dark,National Highway,Wet,Signals,65,1
0,Minor,1:02,Wednesday,Clear,Dusk,State Highway,Icy,Signals,97,2
0,Minor,9:26,Saturday,Snowy,Daylight,National Highway,Under Construction,Unknown,57,2
0,Minor,21:26,Tuesday,Snowy,Dawn,Urban Road,Dry,Guard,103,5
0,Minor,10:08,Thursday,Hazy,Dark,National Highway,Wet,Unknown,67,1
0,Minor,8:07,Wednesday,Clear,Daylight,State Highway,Wet,None,60,2
0,Minor,10:59,Wednesday,Hazy,Daylight,Urban Road,Icy,Signals,117,4
1,Minor,0:53,Saturday,Rainy,Daylight,State Highway,Wet,Signs,78,1
0,Minor,2:24,Friday,Hazy,Dusk,National Highway,Under Construction,Signals,112,5
0,Minor,15:03,Saturday,Clear,Dawn,Village Road,Under Construction,None,86,3
0,Minor,22:18,Wednesday,Clear,Dusk,State Highway,Wet,Signs,93,5
0,Serious,9:25,Tuesday,Snowy,Dark,National Highway,Icy,Guard,103,5
0,Minor,7:57,Friday,Rainy,Dusk,Village Road,Wet,Guard,85,1
0,Minor,3:59,Saturday,Foggy,Daylight,Village Road,Wet,Signals,46,1
1,Minor,13:55,Sunday,Hazy,Dusk,Urban Road,Icy,Signs,51,4
0,Minor,7:34,Saturday,Snowy,Daylight,Village Road,Under Construction,Signs,75,4
1,Minor,20:05,Wednesday,Hazy,Dawn,State Highway,Dry,Unknown,29,1
0,Minor,11:18,Wednesday,Hazy,Dusk,State Highway,Wet,None,59,1
0,Minor,20:22,Thursday,Foggy,Dusk,Village Road,Under Construction,Guard,36,1
0,Minor,4:42,Saturday,Rainy,Dusk,National Highway,Wet,Signals,77,3
0,Minor,16:14,Wednesday,Clear,Daylight,State Highway,Dry,Signs,116,5
1,Minor,14:58,Sunday,Stormy,Daylight,State Highway,Icy,Guard,25,4
0,Minor,2:59,Monday,Hazy,Dusk,Urban Road,Under Construction,Signals,58,4
0,Minor,15:32,Friday,Stormy,Dusk,National Highway,Dry,Guard,37,2
1,Serious,10:37,Monday,Rainy,Dawn,Village Road,Wet,Signals,92,3
1,Minor,8:19,Friday,Stormy,Dawn,National Highway,Dry,Guard,91,1
1,Serious,13:25,Sunday,Hazy,Dark,Urban Road,Under Construction,Unknown,108,1
0,Minor,18:47,Saturday,Foggy,Dawn,Urban Road,Icy,None,114,3
1,Minor,11:07,Thursday,Stormy,Dawn,National Highway,Wet,Guard,61,4
0,Minor,19:30,Wednesday,Rainy,Dawn,Urban Road,Icy,None,23,1
0,Minor,13:10,Wednesday,Rainy,Daylight,Urban Road,Icy,Guard,39,2
0,Minor,0:48,Wednesday,Foggy,Dawn,Urban Road,Dry,Signs,47,4
0,Minor,6:05,Saturday,Stormy,Dawn,National Highway,Dry,Unknown,59,5
0,Minor,22:06,Friday,Stormy,Dusk,Urban Road,Under Construction,Unknown,84,3
0,Minor,11:00,Sunday,Clear,Daylight,Village Road,Under Construction,None,63,4
1,Minor,23:24,Wednesday,Snowy,Dark,Village Road,Icy,Signs,42,5
0,Minor,1:35,Monday,Rainy,Dark,State Highway,Under Construction,Signals,76,2
0,Minor,3:41,Wednesday,Clear,Dawn,Village Road,Icy,Unknown,66,3
0,Minor,19:33,Saturday,Rainy,Dark,State Highway,Wet,Signs,32,1
1,Minor,18:40,Sunday,Clear,Dark,National Highway,Icy,Signs,35,1
0,Serious,16:18,Thursday,Snowy,Dark,Urban Road,Under Construction,None,109,5
0,Minor,8:05,Sunday,Clear,Dawn,Village Road,Under Construction,Signs,74,4
1,Serious,9:55,Monday,Rainy,Dark,State Highway,Icy,Signs,114,2
1,Minor,18:13,Wednesday,Stormy,Dawn,National Highway,Dry,Signals,84,5
0,Minor,21:36,Wednesday,Rainy,Dusk,State Highway,Icy,None,100,2
0,Minor,8:23,Tuesday,Hazy,Dusk,Urban Road,Icy,None,35,2
1,Minor,14:47,Friday,Foggy,Dark,Village Road,Dry,Signs,56,2
0,Minor,16:41,Monday,Foggy,Dusk,National Highway,Wet,Signals,71,3
0,Minor,19:48,Tuesday,Hazy,Dawn,State Highway,Dry,Guard,29,5
1,Minor,3:08,Sunday,Foggy,Dusk,National Highway,Under Construction,Unknown,57,3
0,Minor,11:59,Thursday,Foggy,Dark,State Highway,Dry,None,63,4
0,Minor,15:15,Friday,Snowy,Dawn,State Highway,Under Construction,Signals,114,4
0,Minor,16:18,Monday,Stormy,Daylight,Urban Road,Under Construction,Signals,93,1
0,Minor,17:29,Wednesday,Stormy,Dawn,Urban Road,Icy,Signs,73,1
0,Minor,17:11,Sunday,Rainy,Dusk,State Highway,Icy,Unknown,117,1
1,Minor,11:58,Monday,Hazy,Daylight,Village Road,Wet,None,70,4
0,Minor,23:36,Wednesday,Clear,Dawn,National Highway,Under Construction,Guard,71,2
0,Minor,6:03,Friday,Rainy,Daylight,National Highway,Icy,Signs,89,2
0,Minor,14:44,Wednesday,Rainy,Daylight,Urban Road,Under Construction,None,111,5
0,Minor,8:33,Thursday,Rainy,Daylight,Village Road,Wet,None,111,4
1,Minor,23:42,Sunday,Rainy,Dawn,State Highway,Under Construction,Signals,78,1
0,Minor,8:14,Saturday,Stormy,Dusk,Urban Road,Wet,Unknown,32,4
0,Minor,11:36,Wednesday,Clear,Dawn,State Highway,Wet,Guard,60,2
0,Minor,13:41,Thursday,Rainy,Dusk,State Highway,Wet,Unknown,31,2
0,Minor,15:28,Saturday,Stormy,Dawn,Urban Road,Icy,Signals,69,3
0,Minor,20:25,Sunday,Rainy,Dawn,Village Road,Dry,Guard,76,3
1,Minor,11:52,Friday,Foggy,Dawn,National Highway,Dry,Guard,69,5
1,Minor,13:16,Friday,Rainy,Dusk,Urban Road,Icy,Signs,76,4
0,Minor,10:18,Sunday,Hazy,Dawn,Village Road,Under Construction,Guard,73,3
0,Minor,15:53,Sunday,Hazy,Daylight,State Highway,Icy,None,85,3
1,Minor,7:31,Monday,Rainy,Dawn,Urban Road,Under Construction,Unknown,27,4
1,Serious,21:34,Thursday,Snowy,Daylight,National Highway,Wet,Unknown,82,2
0,Minor,18:43,Thursday,Foggy,Dark,National Highway,Icy,Signs,28,5
0,Minor,5:17,Sunday,Clear,Dark,State Highway,Dry,Guard,79,5
0,Minor,18:38,Tuesday,Rainy,Dusk,Urban Road,Under Construction,Signals,82,5
1,Minor,12:57,Tuesday,Clear,Dusk,National Highway,Icy,None,91,3
1,Minor,1:45,Saturday,Foggy,Dark,Urban Road,Icy,Signs,22,2
0,Minor,19:15,Saturday,Rainy,Dawn,National Highway,Under Construction,Guard,92,5
0,Minor,22:42,Tuesday,Snowy,Dawn,State Highway,Wet,Signals,32,4
1,Minor,2:38,Sunday,Stormy,Dawn,State Highway,Wet,Guard,28,5
1,Serious,18:39,Sunday,Snowy,Dark,Urban Road,Wet,Signs,114,1
1,Fatal,16:14,Saturday,Snowy,Daylight,Village Road,Wet,Signals,108,2
1,Minor,23:31,Wednesday,Stormy,Dusk,Village Road,Under Construction,Signals,71,1
0,Minor,18:36,Sunday,Stormy,Daylight,State Highway,Dry,Signals,81,2
0,Minor,20:41,Tuesday,Hazy,Dark,National Highway,Icy,Signals,27,4
0,Minor,8:15,Thursday,Stormy,Daylight,Village Road,Icy,Guard,114,3
0,Minor,18:01,Sunday,Rainy,Dawn,State Highway,Wet,Signals,64,3
0,Minor,9:08,Sunday,Clear,Dawn,National Highway,Under Construction,Guard,72,2
1,Minor,6:37,Wednesday,Hazy,Daylight,National Highway,Dry,Signals,82,5
0,Serious,9:54,Saturday,Hazy,Dark,Village Road,Dry,Signals,114,1
1,Minor,3:54,Sunday,Clear,Daylight,State Highway,Icy,Signs,100,4
0,Minor,1:47,Friday,Hazy,Dawn,National Highway,Wet,Guard,76,5
1,Minor,3:40,Monday,Stormy,Dawn,National Highway,Icy,Guard,73,3
0,Minor,4:26,Tuesday,Snowy,Dark,Urban Road,Icy,Unknown,38,5
0,Minor,17:18,Friday,Foggy,Daylight,Urban Road,Dry,Signs,86,1
0,Minor,4:38,Saturday,Stormy,Dawn,Village Road,Under Construction,Guard,65,3
0,Minor,10:51,Thursday,Snowy,Dawn,Urban Road,Dry,Signs,113,2
1,Minor,10:41,Monday,Snowy,Daylight,State Highway,Icy,Signs,29,4
1,Serious,19:46,Friday,Hazy,Daylight,Village Road,Wet,Signs,112,4
0,Minor,14:01,Monday,Rainy,Dusk,Village Road,Wet,None,37,3
0,Minor,6:29,Tuesday,Rainy,Dark,Urban Road,Under Construction,Guard,31,2
0,Minor,16:30,Saturday,Hazy,Dark,National Highway,Under Construction,Signs,68,1
0,Minor,10:44,Sunday,Hazy,Daylight,State Highway,Under Construction,None,42,4
1,Fatal,3:13,Thursday,Clear,Dark,State Highway,Icy,None,81,3
1,Minor,6:44,Saturday,Clear,Dawn,State Highway,Icy,Signals,30,4
0,Minor,8:25,Monday,Foggy,Daylight,Village Road,Under Construction,Signals,92,2
1,Minor,22:14,Friday,Foggy,Daylight,State Highway,Wet,Guard,75,1
0,Minor,16:41,Tuesday,Foggy,Daylight,National Highway,Wet,Signals,107,2
1,Serious,20:13,Tuesday,Foggy,Dusk,National Highway,Wet,Guard,108,5
0,Minor,13:17,Saturday,Snowy,Dark,Urban Road,Icy,None,74,2
1,Minor,6:06,Sunday,Snowy,Dusk,State Highway,Dry,None,44,2
1,Minor,22:40,Friday,Clear,Dawn,Village Road,Wet,Guard,28,4
0,Minor,6:41,Sunday,Rainy,Dark,Urban Road,Wet,Signals,31,2
1,Minor,3:11,Sunday,Hazy,Dusk,National Highway,Wet,Signals,30,3
0,Minor,18:44,Friday,Rainy,Daylight,State Highway,Under Construction,Guard,57,4
0,Minor,9:19,Monday,Stormy,Dusk,National Highway,Icy,Unknown,47,4
0,Minor,23:32,Saturday,Snowy,Daylight,Urban Road,Under Construction,Signals,27,5
1,Minor,0:07,Saturday,Foggy,Dusk,National Highway,Under Construction,Signs,93,3
1,Minor,9:21,Wednesday,Foggy,Dusk,State Highway,Dry,Signals,108,2
1,Minor,1:35,Saturday,Stormy,Dusk,State Highway,Under Construction,Unknown,66,5
1,Minor,10:24,Tuesday,Rainy,Daylight,Urban Road,Dry,None,55,3
0,Minor,19:32,Monday,Foggy,Dusk,State Highway,Under Construction,None,69,5
1,Serious,3:25,Friday,Rainy,Dark,National Highway,Wet,None,28,1
0,Minor,3:05,Saturday,Hazy,Dark,National Highway,Icy,Signals,79,2
0,Fatal,5:14,Monday,Stormy,Dark,Village Road,Under Construction,None,91,5
0,Minor,23:07,Saturday,Rainy,Daylight,Village Road,Dry,Unknown,86,1
1,Minor,15:20,Friday,Hazy,Daylight,Village Road,Icy,Unknown,72,2
1,Serious,6:44,Thursday,Rainy,Dark,National Highway,Dry,Signals,101,5
0,Serious,9:22,Friday,Rainy,Dark,National Highway,Wet,Signs,118,5
0,Minor,3:16,Friday,Foggy,Dark,Urban Road,Under Construction,Signals,36,5
1,Minor,10:26,Friday,Clear,Dawn,Village Road,Icy,None,119,5
0,Minor,10:10,Saturday,Snowy,Dark,National Highway,Wet,Signals,72,4
1,Minor,6:41,Wednesday,Rainy,Dusk,Urban Road,Under Construction,Unknown,47,5
1,Minor,4:52,Friday,Rainy,Dawn,National Highway,Under Construction,Signals,82,4
0,Minor,0:05,Tuesday,Rainy,Dawn,Urban Road,Dry,Signals,34,4
0,Minor,20:50,Tuesday,Clear,Daylight,Village Road,Dry,Signs,38,1
1,Serious,17:48,Monday,Hazy,Dusk,Village Road,Wet,Unknown,105,2
1,Minor,2:07,Wednesday,Stormy,Daylight,Village Road,Dry,Guard,89,4
0,Minor,19:07,Monday,Foggy,Daylight,National Highway,Wet,Guard,66,3
1,Serious,4:04,Tuesday,Clear,Dusk,National Highway,Wet,Unknown,90,4
0,Minor,1:34,Sunday,Hazy,Daylight,Urban Road,Wet,Guard,67,3
0,Minor,2:12,Tuesday,Rainy,Dusk,State Highway,Dry,None,92,1
1,Minor,15:14,Thursday,Hazy,Dusk,State Highway,Icy,Guard,39,3
1,Minor,8:17,Friday,Clear,Daylight,Village Road,Wet,None,56,1
0,Serious,19:56,Sunday,Clear,Dark,State Highway,Icy,Unknown,94,1
1,Minor,8:04,Tuesday,Clear,Daylight,Village Road,Under Construction,Guard,21,1
0,Minor,1:07,Saturday,Stormy,Dawn,Urban Road,Dry,Guard,83,3
0,Minor,18:27,Saturday,Snowy,Daylight,State Highway,Dry,None,105,3
0,Minor,20:19,Monday,Foggy,Dusk,State Highway,Icy,None,55,1
1,Minor,9:28,Sunday,Stormy,Dawn,Village Road,Under Construction,Signals,24,1
0,Minor,6:59,Monday,Stormy,Dusk,Urban Road,Under Construction,Signs,83,2
0,Minor,23:37,Friday,Snowy,Dark,State Highway,Wet,Guard,26,1
0,Serious,12:45,Friday,Stormy,Dark,State Highway,Dry,Signs,89,5
1,Minor,7:22,Thursday,Clear,Dawn,State Highway,Under Construction,Signs,41,2
